Email,Name,ID,Section,Gender,Age,Department,Study_Hours_per_Week,Attendance (%),Midterm_Score,Final_Score,Assignments_Avg,Quizzes_Avg,Participation_Score,Projects_Score,Total_Score,Grade
navya.sharma0@gmail.com,Navya Sharma,STU100000,B,Female,22,Mathematics,19.7,75.51,67.46,62.73,71.06,64.02,52.48,75.12,67.06,C
myra.roy1@gmail.com,Myra Roy,STU100001,E,Female,24,Engineering,26.8,88.21,63.69,67.46,75.32,61.04,59.65,85.45,70.73,B
navya.sharma2@gmail.com,Navya Sharma,STU100002,A,Male,24,Mathematics,10.5,71.74,51.18,51.77,59.63,68.33,42.66,65.82,57.43,C
reyansh.roy3@gmail.com,Reyansh Roy,STU100003,B,Male,20,Engineering,11.6,65.82,52.66,47.81,65.46,51.08,59.75,67.24,56.09,C
sara.singh4@gmail.com,Sara Singh,STU100004,D,Female,18,Mathematics,22.3,86.0,64.37,65.4,73.87,66.3,50.65,76.72,69.01,C
sai.sharma5@gmail.com,Sai Sharma,STU100005,E,Male,21,Business,25.2,88.33,62.89,81.55,78.07,69.73,66.14,84.12,76.28,B
riya.roy6@gmail.com,Riya Roy,STU100006,B,Female,23,CS,15.7,78.42,53.4,62.67,73.04,54.14,47.77,72.0,63.28,C
ananya.verma7@gmail.com,Ananya Verma,STU100007,A,Female,17,Mathematics,16.2,75.9,58.48,58.15,69.27,52.94,48.35,74.73,62.31,C
krishna.kumar8@gmail.com,Krishna Kumar,STU100008,B,Male,19,Engineering,24.2,89.53,63.22,64.37,71.39,67.27,57.49,83.88,69.61,C
vivaan.das9@gmail.com,Vivaan Das,STU100009,C,Male,22,Engineering,23.4,75.58,68.86,63.52,75.89,60.01,60.22,83.62,69.15,C
arjun.iyer10@gmail.com,Arjun Iyer,STU100010,A,Female,21,CS,15.5,78.25,59.24,63.47,61.07,59.93,59.24,74.25,64.25,C
diya.das11@gmail.com,Diya Das,STU100011,B,Female,24,Business,18.2,82.22,62.37,63.34,63.95,66.88,47.74,76.22,65.99,C
myra.singh12@gmail.com,Myra Singh,STU100012,A,Female,21,Engineering,14.3,76.75,48.34,57.51,64.36,58.56,48.19,62.02,58.72,C
ishaan.roy13@gmail.com,Ishaan Roy,STU100013,C,Male,23,Engineering,19.7,82.34,61.14,68.59,74.93,72.48,51.71,73.96,69.51,C
sai.singh14@gmail.com,Sai Singh,STU100014,A,Male,19,CS,14.7,73.42,57.12,61.35,62.83,57.42,58.23,71.21,62.37,C
diya.gupta15@gmail.com,Diya Gupta,STU100015,E,Female,18,Mathematics,15.2,76.31,46.59,56.72,59.08,63.9,50.71,69.93,58.75,C
ira.patel16@gmail.com,Ira Patel,STU100016,D,Female,22,CS,31.3,86.89,80.14,74.91,75.23,80.96,66.48,88.91,78.79,B
ira.iyer17@gmail.com,Ira Iyer,STU100017,A,Female,20,Business,15.0,74.21,57.93,64.69,62.7,63.02,43.79,73.47,63.66,C
aadhya.sharma18@gmail.com,Aadhya Sharma,STU100018,E,Male,20,CS,14.8,74.43,62.85,64.34,59.56,53.92,59.88,67.12,63.35,C
navya.sharma19@gmail.com,Navya Sharma,STU100019,D,Female,19,CS,22.5,75.05,60.35,63.22,74.08,62.23,43.74,85.99,66.66,C
krishna.gupta20@gmail.com,Krishna Gupta,STU100020,A,Female,21,Engineering,19.3,79.2,59.51,75.77,65.59,60.64,53.71,70.02,68.14,C
reyansh.singh21@gmail.com,Reyansh Singh,STU100021,D,Male,23,CS,21.9,75.04,62.27,73.57,69.36,71.13,54.42,77.54,70.02,B
anika.kumar22@gmail.com,Anika Kumar,STU100022,C,Female,23,Engineering,22.6,80.47,63.29,76.94,79.19,61.99,55.56,84.23,73.06,B
krishna.kumar23@gmail.com,Krishna Kumar,STU100023,B,Female,23,Business,9.6,68.2,54.57,54.04,66.05,59.45,52.23,68.71,59.28,C
anika.roy24@gmail.com,Anika Roy,STU100024,A,Male,21,CS,9.2,69.61,40.0,48.75,61.87,45.0,45.87,63.53,52.01,D
myra.roy25@gmail.com,Myra Roy,STU100025,E,Male,20,Business,25.8,86.04,65.91,80.41,70.66,56.24,57.22,84.49,73.44,B
aditya.iyer26@gmail.com,Aditya Iyer,STU100026,B,Male,18,Mathematics,11.2,72.76,54.67,60.18,62.33,50.73,48.68,74.36,60.56,C
ananya.chatterjee27@gmail.com,Ananya Chatterjee,STU100027,D,Female,19,Mathematics,17.1,81.5,52.51,60.76,62.48,56.93,58.53,69.54,61.82,C
sai.patel28@gmail.com,Sai Patel,STU100028,D,Female,20,CS,16.9,80.39,59.58,61.35,68.37,62.54,57.98,73.54,65.12,C
myra.patel29@gmail.com,Myra Patel,STU100029,B,Male,22,Mathematics,21.3,81.87,72.75,68.71,67.46,71.33,54.22,79.02,71.21,B
vivaan.sharma30@gmail.com,Vivaan Sharma,STU100030,E,Male,23,Engineering,20.8,81.83,67.53,73.92,66.55,68.85,55.12,80.63,71.55,B
sara.singh31@gmail.com,Sara Singh,STU100031,B,Male,18,Mathematics,16.3,76.79,55.04,61.73,62.27,56.03,51.74,81.03,62.84,C
ishita.verma32@gmail.com,Ishita Verma,STU100032,E,Male,20,CS,19.5,75.28,64.74,65.61,70.3,60.27,57.1,72.87,66.87,C
anika.verma33@gmail.com,Anika Verma,STU100033,B,Male,19,Mathematics,29.6,85.55,71.14,81.48,84.43,67.72,60.5,89.32,78.62,B
arjun.das34@gmail.com,Arjun Das,STU100034,B,Male,22,CS,17.8,78.28,57.75,69.25,67.69,58.38,50.72,80.5,66.73,C
navya.kumar35@gmail.com,Navya Kumar,STU100035,E,Male,22,CS,26.1,82.68,65.97,68.1,78.0,63.42,54.21,82.72,70.91,B
ishita.gupta36@gmail.com,Ishita Gupta,STU100036,D,Female,23,CS,26.9,88.61,76.54,83.8,78.89,70.84,58.29,87.35,79.88,B
vihaan.verma37@gmail.com,Vihaan Verma,STU100037,C,Male,19,CS,21.3,80.89,71.61,69.63,71.72,62.11,54.61,80.15,71.01,B
ira.gupta38@gmail.com,Ira Gupta,STU100038,A,Female,19,CS,21.4,77.04,61.04,62.82,71.84,58.3,56.75,76.45,65.85,C
reyansh.kumar39@gmail.com,Reyansh Kumar,STU100039,D,Male,20,CS,17.9,76.81,58.3,61.79,68.34,62.07,57.49,70.06,64.22,C
myra.das40@gmail.com,Myra Das,STU100040,E,Female,22,Mathematics,26.7,84.03,75.83,75.01,84.23,74.26,67.9,89.97,78.53,B
ira.patel41@gmail.com,Ira Patel,STU100041,C,Female,22,Engineering,24.9,86.52,69.67,70.15,81.13,67.62,54.15,85.91,73.86,B
ishaan.gupta42@gmail.com,Ishaan Gupta,STU100042,A,Female,21,Engineering,16.6,80.59,60.57,66.45,59.24,62.64,54.78,74.75,65.47,C
ishita.chatterjee43@gmail.com,Ishita Chatterjee,STU100043,B,Female,20,CS,30.0,84.92,64.55,75.52,86.18,77.66,60.94,86.74,76.47,B
sai.verma44@gmail.com,Sai Verma,STU100044,C,Male,24,Engineering,15.8,71.68,57.65,56.73,59.8,58.56,47.25,73.21,60.23,C
ishaan.roy45@gmail.com,Ishaan Roy,STU100045,A,Female,19,Business,15.4,78.59,51.4,62.97,72.89,57.66,43.15,65.97,62.49,C
shaurya.gupta46@gmail.com,Shaurya Gupta,STU100046,A,Female,17,CS,23.1,84.15,64.14,73.63,77.86,59.11,52.61,79.84,71.54,B
sai.gupta47@gmail.com,Sai Gupta,STU100047,D,Male,20,CS,20.1,77.29,69.11,61.5,66.55,55.46,56.83,83.97,66.77,C
sara.kumar48@gmail.com,Sara Kumar,STU100048,B,Male,17,Engineering,21.2,81.75,64.95,64.85,70.44,63.99,55.41,73.48,67.7,C
ananya.das49@gmail.com,Ananya Das,STU100049,D,Male,17,CS,29.9,86.42,69.28,81.06,85.17,71.67,58.51,93.39,79.02,B
krishna.sharma50@gmail.com,Krishna Sharma,STU100050,E,Male,22,Engineering,14.6,72.95,50.81,72.4,64.36,60.95,48.6,72.77,64.63,C
anika.sharma51@gmail.com,Anika Sharma,STU100051,B,Female,21,Engineering,29.5,92.06,78.74,77.63,79.65,65.99,67.78,87.18,78.9,B
ananya.kumar52@gmail.com,Ananya Kumar,STU100052,E,Male,20,CS,20.8,83.09,64.85,68.43,66.56,62.05,50.08,78.95,68.4,C
krishna.verma53@gmail.com,Krishna Verma,STU100053,C,Male,21,Business,10.0,74.42,57.87,57.69,65.85,47.59,46.87,62.56,59.56,C
ishaan.roy54@gmail.com,Ishaan Roy,STU100054,A,Male,19,Engineering,31.0,90.92,75.6,75.75,82.84,71.13,54.7,89.98,78.21,B
aadhya.iyer55@gmail.com,Aadhya Iyer,STU100055,A,Male,17,Mathematics,19.2,75.55,55.04,67.22,70.56,66.04,51.63,73.92,65.89,C
sai.das56@gmail.com,Sai Das,STU100056,E,Female,17,Engineering,17.0,77.55,60.68,61.58,66.19,60.47,51.99,70.29,63.97,C
sara.patel57@gmail.com,Sara Patel,STU100057,E,Male,22,Business,20.0,82.21,65.19,63.9,71.57,56.65,55.44,78.46,67.45,C
riya.singh58@gmail.com,Riya Singh,STU100058,A,Male,18,CS,25.3,80.62,65.44,73.03,73.92,68.93,52.0,80.24,71.66,B
riya.roy59@gmail.com,Riya Roy,STU100059,A,Male,23,CS,33.3,94.58,74.6,86.85,83.66,77.04,71.71,91.28,83.4,B
ishita.roy60@gmail.com,Ishita Roy,STU100060,C,Male,19,Business,17.3,75.92,56.2,63.32,68.58,63.07,54.07,76.64,64.79,C
aditya.gupta61@gmail.com,Aditya Gupta,STU100061,E,Male,17,Engineering,22.7,84.73,58.43,64.87,70.52,55.55,63.04,79.13,66.82,C
sara.roy62@gmail.com,Sara Roy,STU100062,C,Male,23,Business,17.9,76.47,57.64,58.13,60.38,60.56,48.48,74.41,61.59,C
aadhya.gupta63@gmail.com,Aadhya Gupta,STU100063,A,Female,18,CS,21.8,79.55,58.56,66.42,75.37,64.75,57.63,80.32,68.29,C
myra.chatterjee64@gmail.com,Myra Chatterjee,STU100064,A,Male,24,Engineering,16.9,77.63,58.85,71.77,68.28,67.29,47.64,68.71,67.29,C
navya.kumar65@gmail.com,Navya Kumar,STU100065,C,Female,21,Business,15.4,77.32,57.37,57.95,64.38,52.36,48.88,71.01,61.03,C
anika.das66@gmail.com,Anika Das,STU100066,D,Female,23,Mathematics,27.9,94.56,66.45,72.34,73.27,68.35,58.71,78.39,73.05,B
sara.gupta67@gmail.com,Sara Gupta,STU100067,A,Female,22,CS,5.0,72.65,45.61,49.46,53.36,53.78,40.0,66.3,53.24,D
anika.roy68@gmail.com,Anika Roy,STU100068,E,Male,23,CS,23.0,80.27,72.34,72.24,66.46,78.36,67.63,77.15,73.07,B
vihaan.das69@gmail.com,Vihaan Das,STU100069,E,Female,19,CS,13.0,75.71,51.01,66.62,62.17,52.86,40.0,67.0,61.07,C
vivaan.sharma70@gmail.com,Vivaan Sharma,STU100070,A,Female,23,CS,27.9,86.73,65.18,74.35,77.29,68.08,55.15,90.66,74.24,B
ira.chatterjee71@gmail.com,Ira Chatterjee,STU100071,B,Female,17,Engineering,21.9,75.91,62.74,70.01,76.3,65.74,58.5,84.27,70.51,B
aditya.sharma72@gmail.com,Aditya Sharma,STU100072,B,Male,21,Business,18.5,79.81,49.47,65.5,65.62,60.6,44.24,79.18,63.56,C
diya.verma73@gmail.com,Diya Verma,STU100073,E,Female,20,CS,18.8,77.23,62.35,68.56,56.68,67.4,55.79,75.84,66.38,C
arjun.verma74@gmail.com,Arjun Verma,STU100074,A,Female,22,Engineering,24.6,87.29,65.19,72.96,74.05,61.79,64.32,79.47,72.1,B
ishita.roy75@gmail.com,Ishita Roy,STU100075,C,Male,20,Engineering,23.4,83.84,64.01,65.41,69.09,75.58,58.31,76.53,69.3,C
sara.gupta76@gmail.com,Sara Gupta,STU100076,B,Male,22,Business,36.9,94.01,75.13,90.29,87.16,75.41,59.6,98.6,84.97,B
ira.das77@gmail.com,Ira Das,STU100077,D,Female,20,CS,18.1,82.12,56.33,66.24,75.27,67.17,43.83,70.89,66.64,C
riya.roy78@gmail.com,Riya Roy,STU100078,B,Female,24,Business,35.1,95.07,83.27,93.22,82.68,71.63,61.17,95.36,86.29,A
ananya.singh79@gmail.com,Ananya Singh,STU100079,C,Male,23,Business,14.9,80.71,51.05,65.26,71.56,66.35,57.78,70.89,65.21,C
ira.das80@gmail.com,Ira Das,STU100080,A,Male,20,Engineering,9.9,68.83,61.14,55.15,55.62,50.32,40.0,65.68,57.6,C
ananya.chatterjee81@gmail.com,Ananya Chatterjee,STU100081,B,Male,17,CS,9.0,66.17,49.84,51.27,58.15,52.04,46.3,71.45,55.35,C
riya.gupta82@gmail.com,Riya Gupta,STU100082,B,Male,20,Mathematics,24.0,88.43,60.6,70.68,77.77,69.81,61.27,76.51,71.53,B
krishna.kumar83@gmail.com,Krishna Kumar,STU100083,A,Female,21,Mathematics,13.6,71.38,54.55,57.09,60.14,64.26,43.19,72.08,59.99,C
ishita.sharma84@gmail.com,Ishita Sharma,STU100084,C,Female,20,Mathematics,17.6,75.16,57.89,70.03,71.72,57.23,57.92,74.59,66.94,C
reyansh.iyer85@gmail.com,Reyansh Iyer,STU100085,D,Male,18,Engineering,18.4,78.63,57.5,61.4,74.3,65.7,52.0,68.09,64.91,C
navya.roy86@gmail.com,Navya Roy,STU100086,A,Female,19,Mathematics,13.8,80.57,63.39,65.32,60.85,60.71,50.73,66.67,64.73,C
aarav.verma87@gmail.com,Aarav Verma,STU100087,E,Male,24,Mathematics,10.3,73.35,48.88,54.96,59.79,50.3,49.64,60.98,56.18,C
shaurya.das88@gmail.com,Shaurya Das,STU100088,C,Male,19,Mathematics,21.3,80.16,65.16,69.83,77.16,57.31,55.77,78.86,69.97,C
krishna.singh89@gmail.com,Krishna Singh,STU100089,A,Female,20,Business,17.1,76.55,57.38,67.32,69.66,66.47,48.5,71.15,65.96,C
aditya.sharma90@gmail.com,Aditya Sharma,STU100090,D,Male,18,Business,23.1,86.66,70.24,71.4,75.66,61.53,56.94,86.77,73.16,B
ishita.chatterjee91@gmail.com,Ishita Chatterjee,STU100091,D,Male,22,Business,13.6,74.42,55.82,58.81,62.19,57.72,50.77,68.11,60.7,C
vihaan.singh92@gmail.com,Vihaan Singh,STU100092,B,Female,23,Business,20.9,81.23,59.52,68.18,65.94,66.1,56.27,77.7,67.57,C
sai.roy93@gmail.com,Sai Roy,STU100093,C,Female,23,Business,18.8,79.48,57.45,58.63,67.44,67.45,52.28,69.92,63.49,C
arjun.kumar94@gmail.com,Arjun Kumar,STU100094,B,Male,21,Engineering,24.6,88.48,65.12,68.65,73.14,62.8,57.05,87.85,71.36,B
ishita.das95@gmail.com,Ishita Das,STU100095,A,Female,20,CS,17.9,78.08,52.82,59.71,62.38,53.5,43.27,73.26,60.48,C
reyansh.kumar96@gmail.com,Reyansh Kumar,STU100096,C,Male,20,Mathematics,23.0,82.21,60.17,72.62,74.86,78.73,53.15,79.1,71.71,B
sai.verma97@gmail.com,Sai Verma,STU100097,B,Male,24,Engineering,24.5,85.75,61.41,67.08,73.68,70.99,59.24,84.78,70.57,B
navya.patel98@gmail.com,Navya Patel,STU100098,A,Female,21,Business,19.1,77.66,58.46,67.26,68.12,60.74,53.65,81.25,66.74,C
myra.patel99@gmail.com,Myra Patel,STU100099,B,Female,22,Engineering,24.1,80.07,61.81,68.15,68.65,71.31,61.62,83.3,69.65,C
vihaan.singh100@gmail.com,Vihaan Singh,STU100100,B,Male,20,Mathematics,22.2,80.21,68.32,64.05,70.22,61.35,50.52,78.38,67.93,C
ira.chatterjee101@gmail.com,Ira Chatterjee,STU100101,A,Female,18,Mathematics,18.3,79.68,56.33,62.01,63.78,61.67,53.0,73.27,63.55,C
myra.roy102@gmail.com,Myra Roy,STU100102,B,Male,21,Mathematics,11.7,69.83,48.49,66.71,67.04,62.73,54.81,68.7,62.63,C
anika.patel103@gmail.com,Anika Patel,STU100103,C,Female,20,Mathematics,23.7,84.89,60.24,69.83,64.64,58.64,57.1,76.86,67.59,C
ishaan.iyer104@gmail.com,Ishaan Iyer,STU100104,E,Female,17,Business,17.8,77.48,62.61,71.62,69.42,65.9,59.58,74.43,69.18,C
diya.verma105@gmail.com,Diya Verma,STU100105,C,Female,21,Business,14.4,69.94,55.92,59.31,60.34,57.6,44.6,73.63,60.38,C
aarav.patel106@gmail.com,Aarav Patel,STU100106,B,Female,22,Mathematics,18.0,78.32,52.7,68.94,73.83,70.55,49.69,72.72,66.94,C
myra.iyer107@gmail.com,Myra Iyer,STU100107,B,Male,20,CS,14.4,72.97,61.59,62.51,64.32,59.38,47.5,72.13,63.54,C
myra.das108@gmail.com,Myra Das,STU100108,E,Female,23,Engineering,20.0,87.17,66.18,68.95,64.26,60.43,50.51,80.17,68.86,C
reyansh.verma109@gmail.com,Reyansh Verma,STU100109,A,Male,18,Engineering,35.2,99.43,72.9,81.18,94.4,80.19,63.33,92.95,83.52,B
myra.verma110@gmail.com,Myra Verma,STU100110,A,Male,19,Business,11.5,69.65,46.86,62.81,64.52,59.48,41.59,68.94,59.78,C
vivaan.kumar111@gmail.com,Vivaan Kumar,STU100111,B,Female,24,Mathematics,8.4,72.04,53.03,59.14,62.98,57.35,49.27,68.62,60.06,C
ishaan.kumar112@gmail.com,Ishaan Kumar,STU100112,A,Female,22,CS,18.4,82.32,61.39,66.44,69.23,57.6,57.66,72.39,66.71,C
ira.das113@gmail.com,Ira Das,STU100113,E,Male,18,CS,29.5,91.73,80.89,74.32,81.65,73.57,56.37,87.22,78.79,B
reyansh.singh114@gmail.com,Reyansh Singh,STU100114,E,Female,20,Mathematics,24.4,80.28,62.44,68.57,72.72,66.11,46.69,84.54,69.39,C
ira.singh115@gmail.com,Ira Singh,STU100115,A,Male,23,Business,12.9,76.08,50.25,55.08,60.68,65.79,59.26,69.79,59.81,C
riya.roy116@gmail.com,Riya Roy,STU100116,C,Male,18,Engineering,6.9,69.59,50.98,51.63,53.93,58.62,55.92,57.89,55.18,C
riya.singh117@gmail.com,Riya Singh,STU100117,D,Male,21,Mathematics,15.6,73.79,59.4,55.85,66.69,57.88,49.43,73.92,61.67,C
aadhya.roy118@gmail.com,Aadhya Roy,STU100118,D,Female,22,Mathematics,27.6,85.72,63.73,70.6,75.59,67.46,59.63,85.59,72.12,B
ananya.kumar119@gmail.com,Ananya Kumar,STU100119,D,Female,18,Mathematics,18.4,78.03,55.08,70.4,68.81,64.22,54.21,74.02,66.8,C
ishaan.roy120@gmail.com,Ishaan Roy,STU100120,C,Female,23,Engineering,20.1,78.8,64.77,66.09,68.64,60.99,62.13,69.15,67.08,C
ira.roy121@gmail.com,Ira Roy,STU100121,C,Female,21,Engineering,18.4,70.74,63.0,62.65,63.74,62.07,49.79,67.51,63.48,C
navya.roy122@gmail.com,Navya Roy,STU100122,D,Male,21,Mathematics,26.0,82.55,73.3,78.53,76.07,67.88,56.59,83.64,75.86,B
aditya.chatterjee123@gmail.com,Aditya Chatterjee,STU100123,A,Female,19,Mathematics,12.4,75.38,58.68,57.19,61.91,58.56,48.52,73.19,61.32,C
diya.das124@gmail.com,Diya Das,STU100124,D,Male,18,CS,17.7,74.52,54.27,71.53,72.4,61.2,49.77,76.43,66.88,C
sai.iyer125@gmail.com,Sai Iyer,STU100125,B,Male,22,Engineering,12.2,76.27,52.56,55.6,62.69,49.78,56.27,74.83,59.5,C
myra.iyer126@gmail.com,Myra Iyer,STU100126,D,Female,18,Business,28.6,89.78,66.25,77.44,78.74,76.27,65.73,82.43,76.43,B
aditya.iyer127@gmail.com,Aditya Iyer,STU100127,D,Female,21,CS,21.0,84.18,64.42,61.61,75.84,71.1,53.36,83.48,69.29,C
shaurya.sharma128@gmail.com,Shaurya Sharma,STU100128,B,Female,19,CS,15.3,67.5,56.15,61.13,65.76,61.44,43.97,70.49,61.57,C
navya.kumar129@gmail.com,Navya Kumar,STU100129,D,Female,18,Engineering,33.1,95.03,73.9,87.68,84.17,75.5,63.33,86.43,82.57,B
ananya.verma130@gmail.com,Ananya Verma,STU100130,A,Male,20,Engineering,24.8,87.32,73.26,73.32,71.41,75.45,62.43,85.82,75.34,B
aadhya.iyer131@gmail.com,Aadhya Iyer,STU100131,A,Female,20,Engineering,19.9,82.55,50.9,61.01,65.14,54.64,53.79,74.4,62.1,C
diya.singh132@gmail.com,Diya Singh,STU100132,B,Female,19,Mathematics,25.0,81.42,68.67,73.92,74.11,66.82,43.99,87.52,72.8,B
ishita.gupta133@gmail.com,Ishita Gupta,STU100133,A,Female,20,Business,14.4,77.1,46.38,56.98,65.98,54.42,47.62,63.96,58.2,C
krishna.gupta134@gmail.com,Krishna Gupta,STU100134,D,Male,17,CS,24.2,84.22,64.94,75.67,69.94,66.91,55.94,80.92,72.18,B
shaurya.verma135@gmail.com,Shaurya Verma,STU100135,D,Female,17,Mathematics,14.1,73.49,55.11,61.38,70.14,65.08,40.0,72.1,63.03,C
anika.sharma136@gmail.com,Anika Sharma,STU100136,C,Male,19,Engineering,25.1,84.48,64.08,67.52,80.21,67.74,45.56,83.11,70.91,B
krishna.iyer137@gmail.com,Krishna Iyer,STU100137,A,Male,22,Business,13.3,75.98,51.98,72.39,58.63,53.56,49.16,79.43,64.26,C
aditya.das138@gmail.com,Aditya Das,STU100138,A,Male,24,Mathematics,14.5,73.04,57.49,59.54,68.11,59.79,53.5,68.73,62.41,C
reyansh.iyer139@gmail.com,Reyansh Iyer,STU100139,E,Female,21,Business,22.8,82.53,61.15,74.05,72.01,63.59,59.4,84.51,71.28,B
navya.roy140@gmail.com,Navya Roy,STU100140,D,Female,19,Business,18.6,73.96,65.34,60.86,75.11,52.52,57.39,74.51,65.56,C
navya.sharma141@gmail.com,Navya Sharma,STU100141,B,Female,17,Engineering,16.0,75.85,59.37,68.92,64.81,58.32,47.19,71.56,65.2,C
aadhya.patel142@gmail.com,Aadhya Patel,STU100142,B,Female,19,Business,20.3,83.14,60.91,58.98,70.09,68.06,51.29,77.49,65.82,C
ananya.iyer143@gmail.com,Ananya Iyer,STU100143,B,Male,17,Engineering,20.6,80.76,65.72,72.7,79.49,60.89,49.42,74.63,70.98,B
reyansh.chatterjee144@gmail.com,Reyansh Chatterjee,STU100144,B,Male,20,Mathematics,24.3,86.29,58.15,64.22,73.43,66.84,63.96,78.5,68.27,C
navya.kumar145@gmail.com,Navya Kumar,STU100145,B,Male,23,Business,23.4,86.6,68.02,68.09,78.18,64.45,54.82,86.28,72.23,B
vivaan.iyer146@gmail.com,Vivaan Iyer,STU100146,E,Male,23,Business,15.3,79.2,46.2,67.39,70.28,64.93,52.05,69.56,63.97,C
vivaan.sharma147@gmail.com,Vivaan Sharma,STU100147,E,Female,17,Business,13.8,74.99,55.43,64.0,65.19,54.91,43.96,63.45,61.6,C
navya.kumar148@gmail.com,Navya Kumar,STU100148,D,Male,19,CS,28.0,88.59,64.47,70.49,76.95,73.99,58.86,84.47,73.23,B
aadhya.kumar149@gmail.com,Aadhya Kumar,STU100149,B,Female,23,CS,28.5,88.0,65.27,75.71,83.23,68.66,56.74,78.55,74.61,B
ishita.gupta150@gmail.com,Ishita Gupta,STU100150,A,Male,24,Mathematics,25.3,82.37,68.37,69.22,71.67,61.66,62.61,78.27,70.55,B
sai.verma151@gmail.com,Sai Verma,STU100151,D,Female,17,Engineering,23.4,84.14,63.32,73.6,66.6,61.3,61.67,77.31,70.09,B
ishita.kumar152@gmail.com,Ishita Kumar,STU100152,B,Male,19,CS,19.6,82.11,66.9,60.45,62.56,61.87,55.33,70.58,65.12,C
sai.sharma153@gmail.com,Sai Sharma,STU100153,E,Male,18,Engineering,35.6,100.0,78.13,88.43,88.71,86.48,61.34,92.35,86.41,A
anika.chatterjee154@gmail.com,Anika Chatterjee,STU100154,E,Male,18,Business,17.1,77.26,50.47,59.38,68.24,60.39,50.28,73.64,61.79,C
diya.verma155@gmail.com,Diya Verma,STU100155,E,Female,21,Engineering,10.9,72.43,40.0,62.12,61.21,50.3,45.82,61.86,56.57,C
aadhya.roy156@gmail.com,Aadhya Roy,STU100156,A,Female,20,Business,26.9,87.09,71.36,67.49,82.14,69.35,67.49,78.99,73.76,B
navya.kumar157@gmail.com,Navya Kumar,STU100157,E,Female,17,Mathematics,14.4,77.2,51.39,58.69,60.4,60.76,47.15,72.42,60.34,C
vivaan.gupta158@gmail.com,Vivaan Gupta,STU100158,C,Female,18,Business,18.9,75.99,60.25,59.41,71.68,66.66,55.16,79.26,65.57,C
ira.roy159@gmail.com,Ira Roy,STU100159,B,Male,21,CS,20.6,84.87,64.23,65.49,69.63,55.01,57.05,71.98,66.98,C
ishita.roy160@gmail.com,Ishita Roy,STU100160,C,Female,18,Mathematics,18.6,80.96,53.47,66.62,71.42,63.08,52.77,79.13,66.35,C
ira.iyer161@gmail.com,Ira Iyer,STU100161,B,Male,20,Mathematics,16.6,76.54,57.26,55.38,69.7,66.14,54.18,72.95,62.79,C
sai.kumar162@gmail.com,Sai Kumar,STU100162,C,Male,17,Business,18.9,79.32,61.88,62.77,69.39,60.33,58.85,82.41,66.76,C
myra.kumar163@gmail.com,Myra Kumar,STU100163,B,Female,19,Mathematics,12.8,68.45,63.12,66.18,63.66,57.26,48.63,72.25,64.25,C
anika.chatterjee164@gmail.com,Anika Chatterjee,STU100164,D,Male,17,Engineering,16.2,72.49,60.14,63.54,59.51,60.22,50.99,69.86,62.82,C
ira.das165@gmail.com,Ira Das,STU100165,C,Female,24,Mathematics,11.8,75.76,48.84,63.39,59.3,52.93,42.87,71.51,59.84,C
reyansh.verma166@gmail.com,Reyansh Verma,STU100166,D,Female,18,CS,21.4,86.72,58.27,72.73,66.57,59.98,57.04,76.07,68.59,C
myra.gupta167@gmail.com,Myra Gupta,STU100167,E,Female,19,Mathematics,20.1,82.45,67.45,67.68,68.98,64.41,58.01,75.59,69.29,C
vivaan.gupta168@gmail.com,Vivaan Gupta,STU100168,E,Male,20,Business,30.3,95.72,65.87,71.85,81.78,59.14,67.45,83.27,74.18,B
reyansh.iyer169@gmail.com,Reyansh Iyer,STU100169,A,Male,18,Mathematics,34.8,94.01,79.44,82.94,82.54,79.22,58.6,97.59,83.16,B
myra.kumar170@gmail.com,Myra Kumar,STU100170,C,Female,18,CS,19.3,79.99,55.9,70.74,78.41,63.69,51.37,78.93,68.99,C
anika.das171@gmail.com,Anika Das,STU100171,C,Female,23,Business,21.5,89.09,55.36,68.39,71.74,66.04,55.83,83.36,68.99,C
vivaan.iyer172@gmail.com,Vivaan Iyer,STU100172,A,Male,21,Mathematics,21.2,83.83,63.39,70.14,70.16,70.97,52.41,79.38,70.28,B
vivaan.gupta173@gmail.com,Vivaan Gupta,STU100173,A,Male,24,Mathematics,18.5,79.63,55.29,63.05,63.56,54.13,53.07,68.94,62.43,C
shaurya.patel174@gmail.com,Shaurya Patel,STU100174,C,Male,17,Mathematics,27.4,90.85,66.61,75.22,75.27,61.92,50.38,92.0,74.17,B
vivaan.iyer175@gmail.com,Vivaan Iyer,STU100175,A,Female,17,Engineering,21.5,82.07,66.72,73.86,66.69,65.59,55.16,81.44,71.17,B
sai.verma176@gmail.com,Sai Verma,STU100176,C,Female,24,Business,36.7,88.37,75.83,78.91,89.24,83.15,70.04,98.26,82.7,B
navya.kumar177@gmail.com,Navya Kumar,STU100177,C,Male,22,Business,32.1,88.33,70.92,77.54,88.58,67.2,61.48,91.33,78.49,B
sai.singh178@gmail.com,Sai Singh,STU100178,A,Female,17,Engineering,20.7,83.07,61.2,67.94,69.78,68.09,57.85,77.6,68.86,C
vivaan.das179@gmail.com,Vivaan Das,STU100179,E,Female,19,Mathematics,20.4,80.6,62.81,71.46,72.32,63.94,58.2,72.99,69.51,C
ishita.das180@gmail.com,Ishita Das,STU100180,B,Female,24,Engineering,15.6,75.04,58.74,55.97,59.39,60.14,49.93,68.03,60.26,C
aditya.kumar181@gmail.com,Aditya Kumar,STU100181,D,Female,17,Mathematics,19.2,78.78,53.49,71.69,72.55,54.97,56.0,73.67,66.63,C
reyansh.roy182@gmail.com,Reyansh Roy,STU100182,C,Female,18,Business,18.1,78.81,57.5,62.55,64.1,58.88,45.29,71.81,63.09,C
sai.gupta183@gmail.com,Sai Gupta,STU100183,D,Female,20,Business,18.8,84.6,56.58,70.42,64.35,57.8,56.4,74.32,66.58,C
aadhya.roy184@gmail.com,Aadhya Roy,STU100184,D,Female,19,Engineering,26.6,89.91,53.46,75.56,72.81,73.57,70.23,83.72,72.52,B
ananya.sharma185@gmail.com,Ananya Sharma,STU100185,A,Female,24,CS,14.4,73.67,45.3,57.05,60.67,58.08,44.76,65.11,57.2,C
sai.gupta186@gmail.com,Sai Gupta,STU100186,E,Female,22,CS,17.0,78.36,57.95,51.59,64.29,61.37,45.47,67.79,59.74,C
navya.das187@gmail.com,Navya Das,STU100187,B,Female,21,Business,18.2,71.97,54.19,56.85,62.93,53.9,40.0,73.99,59.32,C
arjun.chatterjee188@gmail.com,Arjun Chatterjee,STU100188,C,Female,17,Business,24.5,84.75,56.28,73.93,79.67,69.68,59.11,76.66,71.45,B
aadhya.verma189@gmail.com,Aadhya Verma,STU100189,A,Female,18,Engineering,10.9,68.97,49.3,47.8,57.45,62.92,42.62,66.12,54.75,D
aadhya.verma190@gmail.com,Aadhya Verma,STU100190,E,Male,19,Business,24.1,87.14,73.74,70.39,69.73,62.23,52.88,78.6,71.77,B
krishna.verma191@gmail.com,Krishna Verma,STU100191,E,Male,22,CS,17.0,79.27,54.78,64.3,64.8,63.48,49.0,71.63,63.85,C
myra.singh192@gmail.com,Myra Singh,STU100192,E,Male,18,Business,27.9,87.99,71.57,76.33,74.86,72.17,63.44,89.54,76.58,B
shaurya.chatterjee193@gmail.com,Shaurya Chatterjee,STU100193,C,Female,17,Mathematics,17.2,77.98,52.62,65.83,66.98,69.93,57.27,74.17,65.39,C
vihaan.kumar194@gmail.com,Vihaan Kumar,STU100194,B,Male,21,Mathematics,23.6,84.84,59.98,62.81,76.68,68.01,54.04,87.14,69.04,C
riya.iyer195@gmail.com,Riya Iyer,STU100195,E,Male,21,Mathematics,26.6,82.78,62.77,81.95,82.12,75.68,55.47,89.04,76.98,B
sara.iyer196@gmail.com,Sara Iyer,STU100196,A,Female,18,Engineering,21.8,80.25,64.39,69.78,69.85,60.22,52.83,80.93,69.07,C
krishna.chatterjee197@gmail.com,Krishna Chatterjee,STU100197,D,Female,21,Engineering,36.2,92.19,73.78,81.79,92.72,69.78,62.84,93.61,81.9,B
shaurya.sharma198@gmail.com,Shaurya Sharma,STU100198,E,Male,23,Mathematics,10.6,69.65,45.25,65.98,60.64,54.28,44.29,70.67,59.61,C
sai.das199@gmail.com,Sai Das,STU100199,C,Female,19,Mathematics,21.7,80.86,66.36,65.37,68.73,72.2,52.73,81.11,69.24,C
krishna.verma200@gmail.com,Krishna Verma,STU100200,E,Male,18,CS,23.8,83.13,63.67,79.24,74.76,74.9,59.03,79.97,74.47,B
riya.roy201@gmail.com,Riya Roy,STU100201,B,Female,21,Business,21.4,80.02,60.81,72.73,70.35,63.07,45.81,73.05,68.44,C
vihaan.iyer202@gmail.com,Vihaan Iyer,STU100202,A,Male,18,Engineering,13.0,72.51,51.9,59.26,66.08,58.8,60.61,72.67,61.5,C
aadhya.iyer203@gmail.com,Aadhya Iyer,STU100203,A,Male,20,Engineering,5.0,61.95,42.45,51.04,50.06,48.63,41.81,59.59,50.42,D
reyansh.singh204@gmail.com,Reyansh Singh,STU100204,D,Female,17,Business,19.6,81.48,57.11,73.18,76.63,67.38,52.89,80.76,70.48,B
diya.verma205@gmail.com,Diya Verma,STU100205,C,Male,17,Business,16.8,79.04,62.46,64.57,68.38,55.56,43.99,64.7,64.25,C
reyansh.iyer206@gmail.com,Reyansh Iyer,STU100206,B,Female,17,Mathematics,22.7,88.26,61.93,72.41,77.29,61.93,53.67,81.62,71.57,B
anika.chatterjee207@gmail.com,Anika Chatterjee,STU100207,B,Female,18,Engineering,14.2,78.6,54.25,55.98,61.29,55.3,45.73,67.01,59.22,C
aarav.verma208@gmail.com,Aarav Verma,STU100208,B,Female,19,Business,32.8,87.95,71.66,73.73,85.46,83.11,64.73,97.18,79.33,B
aadhya.sharma209@gmail.com,Aadhya Sharma,STU100209,D,Male,18,Business,15.5,75.19,57.55,65.58,66.55,61.33,55.95,71.74,64.79,C
aarav.das210@gmail.com,Aarav Das,STU100210,C,Female,21,CS,30.0,92.93,72.28,79.69,70.49,68.99,54.56,92.45,77.1,B
ananya.gupta211@gmail.com,Ananya Gupta,STU100211,A,Male,21,Mathematics,33.3,95.38,77.92,83.03,91.57,75.9,59.39,87.79,83.1,B
vivaan.kumar212@gmail.com,Vivaan Kumar,STU100212,E,Male,19,Mathematics,27.7,85.75,75.85,79.33,81.2,70.79,57.31,89.15,78.58,B
ananya.roy213@gmail.com,Ananya Roy,STU100213,C,Female,18,Mathematics,16.2,73.31,60.01,63.38,70.84,64.58,55.57,71.19,65.33,C
sai.sharma214@gmail.com,Sai Sharma,STU100214,A,Male,20,Engineering,31.9,90.63,68.31,77.55,87.52,72.55,64.2,94.13,78.99,B
reyansh.gupta215@gmail.com,Reyansh Gupta,STU100215,D,Male,24,Mathematics,20.7,85.36,69.16,75.38,69.67,68.35,64.59,78.24,73.32,B
shaurya.patel216@gmail.com,Shaurya Patel,STU100216,E,Male,19,Mathematics,11.6,71.84,47.3,68.33,68.44,51.0,45.07,66.35,61.4,C
krishna.patel217@gmail.com,Krishna Patel,STU100217,B,Male,21,Engineering,23.1,84.1,58.92,65.93,77.11,62.54,53.1,79.34,68.38,C
aadhya.iyer218@gmail.com,Aadhya Iyer,STU100218,C,Female,21,CS,24.6,84.81,61.2,75.39,68.3,77.14,55.12,77.42,71.79,B
anika.iyer219@gmail.com,Anika Iyer,STU100219,D,Male,24,CS,23.5,83.1,70.04,67.93,76.3,73.33,60.54,81.3,72.63,B
ishita.das220@gmail.com,Ishita Das,STU100220,E,Female,20,Engineering,20.4,77.54,67.17,62.07,74.95,65.18,53.53,72.99,67.55,C
anika.sharma221@gmail.com,Anika Sharma,STU100221,E,Female,23,Engineering,14.3,76.32,54.07,53.97,67.41,60.3,47.21,66.66,59.8,C
arjun.sharma222@gmail.com,Arjun Sharma,STU100222,A,Male,21,Engineering,20.5,76.08,55.92,64.83,71.84,63.95,59.2,76.41,66.01,C
vihaan.sharma223@gmail.com,Vihaan Sharma,STU100223,A,Female,22,CS,15.3,74.99,64.83,58.6,60.42,62.24,50.29,69.26,62.77,C
vivaan.gupta224@gmail.com,Vivaan Gupta,STU100224,C,Male,21,Engineering,28.3,85.07,65.28,73.65,82.83,66.75,56.05,88.83,74.44,B
vihaan.das225@gmail.com,Vihaan Das,STU100225,E,Female,21,Engineering,18.7,81.06,49.22,63.41,62.74,49.75,50.24,73.96,61.27,C
aditya.sharma226@gmail.com,Aditya Sharma,STU100226,D,Male,19,Mathematics,20.2,80.9,66.97,71.85,70.15,64.61,54.7,75.19,70.28,B
myra.gupta227@gmail.com,Myra Gupta,STU100227,B,Female,24,Engineering,10.7,70.94,46.37,56.77,71.01,59.68,48.68,66.03,59.05,C
ishita.das228@gmail.com,Ishita Das,STU100228,D,Female,20,Mathematics,7.6,70.22,44.82,51.74,60.98,53.38,43.88,59.68,54.16,D
vivaan.chatterjee229@gmail.com,Vivaan Chatterjee,STU100229,A,Female,18,CS,11.0,69.0,46.21,51.19,57.08,54.88,50.43,56.61,53.73,D
sai.sharma230@gmail.com,Sai Sharma,STU100230,D,Male,19,CS,15.7,82.06,56.96,61.77,54.99,48.97,44.59,74.11,60.91,C
aadhya.iyer231@gmail.com,Aadhya Iyer,STU100231,A,Male,22,CS,25.2,81.92,58.01,63.71,78.03,67.51,58.88,83.84,68.69,C
ira.roy232@gmail.com,Ira Roy,STU100232,D,Female,24,Business,25.6,82.91,61.3,68.62,79.16,71.83,59.32,78.75,71.04,B
ananya.gupta233@gmail.com,Ananya Gupta,STU100233,B,Female,22,Mathematics,20.9,84.09,68.78,67.49,74.36,61.05,49.2,75.05,69.64,C
vivaan.das234@gmail.com,Vivaan Das,STU100234,C,Male,18,Mathematics,22.2,83.91,60.3,62.9,74.11,60.52,52.07,79.5,67.04,C
ira.roy235@gmail.com,Ira Roy,STU100235,D,Female,21,Engineering,18.8,79.53,57.53,73.05,67.89,58.82,50.12,71.31,67.08,C
diya.verma236@gmail.com,Diya Verma,STU100236,B,Female,24,CS,29.7,87.75,67.54,81.13,79.41,59.55,65.28,89.37,76.69,B
arjun.singh237@gmail.com,Arjun Singh,STU100237,B,Female,21,CS,27.5,85.6,72.12,78.75,73.42,70.27,74.21,83.63,76.72,B
ishaan.gupta238@gmail.com,Ishaan Gupta,STU100238,C,Female,20,Mathematics,10.1,73.24,48.29,51.53,66.67,51.21,61.02,72.19,57.83,C
aditya.roy239@gmail.com,Aditya Roy,STU100239,E,Male,18,Engineering,18.8,83.99,65.17,62.93,74.89,62.39,59.3,67.95,67.55,C
aarav.gupta240@gmail.com,Aarav Gupta,STU100240,A,Male,18,Business,16.2,79.85,57.25,65.2,65.66,59.83,59.59,74.27,65.23,C
ishaan.verma241@gmail.com,Ishaan Verma,STU100241,D,Female,21,Mathematics,29.5,91.15,66.79,82.49,76.66,64.07,61.17,91.45,77.33,B
riya.singh242@gmail.com,Riya Singh,STU100242,A,Female,19,Mathematics,24.3,86.7,67.19,78.26,77.3,65.11,48.04,86.3,74.73,B
arjun.verma243@gmail.com,Arjun Verma,STU100243,C,Female,18,Business,23.4,87.1,62.14,69.58,79.35,63.73,51.63,80.65,70.93,B
anika.verma244@gmail.com,Anika Verma,STU100244,A,Female,18,Engineering,14.4,69.4,56.63,57.41,65.96,55.4,50.26,77.91,61.23,C
shaurya.iyer245@gmail.com,Shaurya Iyer,STU100245,B,Female,17,Business,18.1,73.71,61.2,72.09,67.84,57.19,50.12,68.85,66.52,C
ananya.sharma246@gmail.com,Ananya Sharma,STU100246,E,Female,21,Mathematics,19.6,80.72,62.83,70.27,71.25,61.76,56.55,77.12,69.12,C
navya.singh247@gmail.com,Navya Singh,STU100247,D,Male,24,Mathematics,21.4,76.08,73.85,64.26,73.2,56.74,64.61,77.5,69.29,C
riya.das248@gmail.com,Riya Das,STU100248,E,Male,21,CS,6.8,68.8,58.34,56.58,56.17,51.14,46.15,57.22,57.09,C
riya.gupta249@gmail.com,Riya Gupta,STU100249,A,Male,23,Mathematics,27.4,92.42,62.3,85.63,81.98,69.71,58.89,80.91,77.69,B
vivaan.sharma250@gmail.com,Vivaan Sharma,STU100250,A,Male,21,Engineering,16.2,73.41,55.22,71.03,68.9,57.96,51.53,66.63,65.07,C
ishita.sharma251@gmail.com,Ishita Sharma,STU100251,D,Female,21,Mathematics,19.7,83.85,54.17,79.38,78.73,58.4,54.39,81.79,71.58,B
reyansh.chatterjee252@gmail.com,Reyansh Chatterjee,STU100252,E,Male,23,CS,9.1,66.43,49.62,63.23,61.79,56.54,53.79,67.15,59.86,C
aarav.patel253@gmail.com,Aarav Patel,STU100253,B,Female,22,Engineering,31.9,90.56,69.22,74.36,79.23,67.37,54.99,87.83,75.36,B
arjun.singh254@gmail.com,Arjun Singh,STU100254,E,Male,18,Engineering,20.6,83.06,61.16,73.76,64.95,68.98,60.85,74.13,69.76,C
myra.gupta255@gmail.com,Myra Gupta,STU100255,A,Male,21,Business,22.5,86.62,60.31,71.3,73.65,57.07,55.93,79.65,69.63,C
aarav.kumar256@gmail.com,Aarav Kumar,STU100256,A,Female,17,Engineering,16.6,74.94,48.45,63.77,69.73,61.8,59.21,79.22,63.84,C
riya.verma257@gmail.com,Riya Verma,STU100257,B,Female,24,Engineering,18.5,75.62,60.43,71.68,75.91,66.35,52.6,75.1,69.31,C
sara.singh258@gmail.com,Sara Singh,STU100258,C,Female,21,Mathematics,27.8,87.41,74.96,77.96,76.26,75.31,61.29,93.61,78.52,B
ira.roy259@gmail.com,Ira Roy,STU100259,D,Female,21,CS,16.2,73.07,49.9,61.81,70.55,56.54,49.7,66.78,61.23,C
sai.gupta260@gmail.com,Sai Gupta,STU100260,C,Male,17,Mathematics,15.7,78.29,61.1,66.04,57.7,51.79,51.41,70.52,63.32,C
aarav.das261@gmail.com,Aarav Das,STU100261,B,Male,24,Engineering,18.5,79.41,61.05,67.46,69.6,66.26,50.23,69.87,66.96,C
ishita.gupta262@gmail.com,Ishita Gupta,STU100262,D,Male,18,Engineering,25.8,83.2,61.33,73.07,76.85,69.73,56.35,93.86,73.21,B
ira.gupta263@gmail.com,Ira Gupta,STU100263,C,Male,22,Engineering,22.2,77.85,57.82,72.59,71.94,57.08,59.19,86.27,69.21,C
ananya.chatterjee264@gmail.com,Ananya Chatterjee,STU100264,E,Female,23,Mathematics,24.0,86.07,69.29,73.35,72.07,64.32,56.97,78.81,72.44,B
sara.gupta265@gmail.com,Sara Gupta,STU100265,D,Male,19,Engineering,15.2,75.07,54.61,55.75,67.44,54.86,43.18,66.81,59.6,C
vivaan.roy266@gmail.com,Vivaan Roy,STU100266,B,Male,19,Engineering,18.7,85.19,60.95,69.36,65.87,60.87,53.06,78.1,67.95,C
navya.das267@gmail.com,Navya Das,STU100267,A,Female,19,Engineering,22.9,83.33,53.84,75.14,76.31,65.93,52.1,79.46,70.23,B
sai.roy268@gmail.com,Sai Roy,STU100268,D,Male,23,CS,19.1,80.34,62.23,71.95,64.81,64.29,53.33,74.04,68.29,C
ishaan.patel269@gmail.com,Ishaan Patel,STU100269,C,Male,19,CS,17.8,78.14,55.69,62.56,71.25,58.99,50.64,68.7,63.71,C
sara.chatterjee270@gmail.com,Sara Chatterjee,STU100270,B,Female,23,Business,10.3,70.61,46.35,59.53,57.46,61.99,46.71,64.73,57.82,C
diya.iyer271@gmail.com,Diya Iyer,STU100271,C,Female,19,Business,22.6,78.77,70.42,67.04,71.52,63.87,56.57,75.25,69.54,C
anika.das272@gmail.com,Anika Das,STU100272,A,Female,18,Business,24.6,84.01,64.36,75.13,68.07,71.28,64.98,81.77,72.58,B
arjun.kumar273@gmail.com,Arjun Kumar,STU100273,C,Male,18,CS,22.4,83.25,70.18,77.62,67.5,61.8,46.4,80.98,72.37,B
ananya.gupta274@gmail.com,Ananya Gupta,STU100274,C,Female,23,Mathematics,32.2,93.09,74.59,79.72,76.6,79.16,68.32,83.41,79.3,B
vivaan.roy275@gmail.com,Vivaan Roy,STU100275,C,Female,24,Mathematics,28.0,85.74,65.9,79.76,82.3,71.45,56.09,87.01,76.68,B
vivaan.kumar276@gmail.com,Vivaan Kumar,STU100276,E,Female,22,Business,23.7,82.33,66.31,73.5,74.38,66.41,65.74,81.09,72.74,B
riya.chatterjee277@gmail.com,Riya Chatterjee,STU100277,C,Female,23,Engineering,21.8,84.32,67.33,71.62,72.29,58.27,55.12,74.43,70.25,B
vivaan.das278@gmail.com,Vivaan Das,STU100278,A,Female,24,Business,9.4,66.24,47.06,50.61,63.74,54.05,53.75,67.28,55.6,C
ishita.verma279@gmail.com,Ishita Verma,STU100279,A,Male,18,Business,25.8,85.97,76.38,79.99,72.39,65.03,65.2,76.04,76.1,B
vivaan.gupta280@gmail.com,Vivaan Gupta,STU100280,D,Male,20,CS,28.7,86.24,73.17,77.3,85.26,70.05,60.82,85.26,77.81,B
vivaan.sharma281@gmail.com,Vivaan Sharma,STU100281,A,Female,20,Mathematics,22.2,79.74,67.52,75.98,68.28,66.22,51.81,79.99,71.73,B
diya.das282@gmail.com,Diya Das,STU100282,B,Male,22,Business,16.4,71.24,67.2,61.57,63.52,62.7,54.76,73.71,64.94,C
krishna.roy283@gmail.com,Krishna Roy,STU100283,D,Female,23,Mathematics,21.3,79.35,62.9,72.22,79.24,57.25,56.55,75.86,70.21,B
navya.verma284@gmail.com,Navya Verma,STU100284,D,Female,23,CS,15.3,79.26,63.0,56.2,64.36,62.23,51.16,75.2,63.34,C
vihaan.verma285@gmail.com,Vihaan Verma,STU100285,C,Male,20,Engineering,21.2,85.28,70.0,74.34,67.97,70.41,53.47,75.17,72.26,B
diya.roy286@gmail.com,Diya Roy,STU100286,B,Male,18,Engineering,14.5,69.41,57.7,62.92,68.18,54.05,49.63,71.88,62.66,C
myra.singh287@gmail.com,Myra Singh,STU100287,B,Female,19,CS,5.0,71.14,52.93,50.73,53.27,50.37,61.81,57.41,54.78,D
sai.gupta288@gmail.com,Sai Gupta,STU100288,A,Female,22,Business,8.8,70.25,52.67,52.57,65.82,46.19,51.01,66.47,57.02,C
aadhya.chatterjee289@gmail.com,Aadhya Chatterjee,STU100289,A,Male,18,Mathematics,18.9,84.32,56.19,71.51,67.68,62.08,57.9,75.49,67.93,C
anika.patel290@gmail.com,Anika Patel,STU100290,B,Female,20,Mathematics,16.4,71.27,63.24,50.0,67.5,57.67,45.25,70.78,60.01,C
krishna.gupta291@gmail.com,Krishna Gupta,STU100291,A,Male,23,Engineering,18.4,81.58,55.02,72.02,64.76,58.92,52.71,78.7,66.88,C
aadhya.patel292@gmail.com,Aadhya Patel,STU100292,B,Male,24,Mathematics,26.9,85.77,69.16,69.67,73.78,66.35,67.55,81.76,72.56,B
riya.iyer293@gmail.com,Riya Iyer,STU100293,D,Male,20,Mathematics,23.0,82.25,72.99,61.01,68.83,70.43,57.69,83.29,69.7,C
sara.das294@gmail.com,Sara Das,STU100294,A,Female,19,CS,25.4,82.86,78.14,65.01,70.94,63.4,62.82,96.12,73.15,B
reyansh.verma295@gmail.com,Reyansh Verma,STU100295,B,Female,18,Business,11.6,67.78,46.17,45.0,58.39,52.38,50.52,61.63,52.2,D
anika.gupta296@gmail.com,Anika Gupta,STU100296,C,Female,24,Business,28.1,86.17,65.4,75.74,78.27,69.36,61.9,94.88,75.68,B
ishita.iyer297@gmail.com,Ishita Iyer,STU100297,B,Female,17,CS,15.5,76.36,55.02,51.65,68.45,53.36,57.64,67.57,59.38,C
anika.gupta298@gmail.com,Anika Gupta,STU100298,D,Female,17,Mathematics,5.0,66.74,53.64,56.68,53.71,54.44,42.51,58.44,55.88,C
aditya.das299@gmail.com,Aditya Das,STU100299,E,Male,24,Engineering,9.3,71.15,53.0,53.99,58.76,55.03,40.0,65.25,56.76,C
ira.verma300@gmail.com,Ira Verma,STU100300,C,Female,21,Engineering,17.1,75.11,57.34,58.08,61.65,58.36,53.03,75.42,61.68,C
reyansh.sharma301@gmail.com,Reyansh Sharma,STU100301,B,Female,19,CS,11.9,70.03,54.47,51.4,60.19,48.89,44.88,63.86,55.86,C
ira.gupta302@gmail.com,Ira Gupta,STU100302,A,Male,17,Business,26.3,87.91,61.1,76.07,77.8,71.62,54.18,88.27,74.2,B
sai.kumar303@gmail.com,Sai Kumar,STU100303,B,Female,24,Mathematics,21.6,88.6,60.92,70.97,72.73,73.76,51.49,70.91,70.29,B
aadhya.patel304@gmail.com,Aadhya Patel,STU100304,C,Female,22,Mathematics,24.1,87.14,66.99,70.23,74.06,64.42,59.87,78.76,71.6,B
krishna.kumar305@gmail.com,Krishna Kumar,STU100305,B,Female,24,Mathematics,13.8,71.04,45.45,61.82,59.0,54.31,56.37,67.53,58.59,C
shaurya.iyer306@gmail.com,Shaurya Iyer,STU100306,D,Male,22,Engineering,22.2,81.09,62.66,73.71,69.2,64.98,58.4,73.39,69.89,C
ishaan.gupta307@gmail.com,Ishaan Gupta,STU100307,A,Male,17,Engineering,26.3,85.55,66.05,73.99,82.63,69.17,63.34,83.32,74.77,B
vivaan.roy308@gmail.com,Vivaan Roy,STU100308,A,Female,18,Mathematics,22.3,81.33,57.26,68.41,71.94,71.32,55.76,77.79,68.6,C
myra.kumar309@gmail.com,Myra Kumar,STU100309,B,Female,17,Mathematics,20.8,84.67,62.99,69.32,76.55,57.28,61.04,79.87,70.11,B
ananya.sharma310@gmail.com,Ananya Sharma,STU100310,E,Male,21,Business,31.0,90.15,78.91,76.89,79.81,78.38,54.33,92.02,79.59,B
ananya.singh311@gmail.com,Ananya Singh,STU100311,D,Female,21,Mathematics,19.4,77.41,54.68,69.66,71.83,57.02,53.03,77.27,66.43,C
riya.iyer312@gmail.com,Riya Iyer,STU100312,E,Male,24,Engineering,24.5,89.95,74.24,68.99,70.89,74.15,57.51,83.28,73.79,B
vivaan.das313@gmail.com,Vivaan Das,STU100313,E,Male,19,Business,26.7,89.75,62.22,79.44,85.37,85.84,53.12,79.69,77.27,B
shaurya.roy314@gmail.com,Shaurya Roy,STU100314,E,Female,17,Mathematics,15.6,74.76,59.0,60.41,61.18,56.27,47.8,68.97,61.49,C
sai.verma315@gmail.com,Sai Verma,STU100315,D,Female,21,Business,15.8,77.58,47.9,61.73,69.68,63.78,54.23,76.52,63.05,C
myra.das316@gmail.com,Myra Das,STU100316,E,Female,17,CS,22.7,83.27,58.3,75.52,66.62,73.58,49.88,87.27,71.21,B
aditya.verma317@gmail.com,Aditya Verma,STU100317,E,Male,22,CS,21.4,82.46,62.96,70.04,65.38,69.78,56.11,83.45,69.78,C
ira.gupta318@gmail.com,Ira Gupta,STU100318,B,Male,20,CS,13.2,74.72,59.18,59.82,62.49,57.3,48.25,75.08,62.28,C
aditya.das319@gmail.com,Aditya Das,STU100319,B,Female,21,CS,12.0,70.97,50.33,47.73,63.02,49.52,58.2,67.26,55.52,C
anika.verma320@gmail.com,Anika Verma,STU100320,C,Female,22,CS,35.8,96.65,68.18,84.46,83.47,72.16,54.89,93.73,80.49,B
aarav.chatterjee321@gmail.com,Aarav Chatterjee,STU100321,B,Female,24,Engineering,23.6,79.71,69.19,72.03,77.33,65.56,60.96,83.62,72.98,B
anika.singh322@gmail.com,Anika Singh,STU100322,B,Female,20,Mathematics,21.4,77.95,66.18,65.58,75.34,61.81,61.94,76.78,68.96,C
navya.roy323@gmail.com,Navya Roy,STU100323,C,Female,20,Engineering,10.6,68.76,55.03,59.26,63.93,51.9,42.52,70.53,59.62,C
aditya.das324@gmail.com,Aditya Das,STU100324,E,Male,17,Mathematics,18.9,79.73,61.27,67.51,61.84,66.69,48.85,79.17,66.78,C
vihaan.das325@gmail.com,Vihaan Das,STU100325,E,Female,19,CS,27.0,90.77,63.92,72.18,81.27,76.33,61.65,85.46,74.97,B
sara.patel326@gmail.com,Sara Patel,STU100326,C,Female,22,CS,23.6,84.89,63.54,68.36,76.67,65.39,53.96,79.18,70.36,B
aadhya.sharma327@gmail.com,Aadhya Sharma,STU100327,C,Female,17,Business,16.1,76.89,53.95,65.23,65.08,61.14,40.0,73.94,63.32,C
ira.roy328@gmail.com,Ira Roy,STU100328,A,Male,18,Business,25.4,86.61,69.38,61.88,66.77,68.13,58.17,91.5,69.99,C
navya.roy329@gmail.com,Navya Roy,STU100329,B,Male,19,CS,21.8,79.29,61.02,75.14,69.97,76.32,52.87,77.57,71.2,B
myra.singh330@gmail.com,Myra Singh,STU100330,B,Female,18,Mathematics,17.2,75.68,66.3,54.04,62.09,61.86,55.94,75.35,62.87,C
anika.gupta331@gmail.com,Anika Gupta,STU100331,B,Female,18,CS,28.0,90.98,66.53,74.29,80.0,69.43,54.21,89.07,75.25,B
ira.gupta332@gmail.com,Ira Gupta,STU100332,C,Female,24,Business,19.0,77.62,67.49,66.71,66.48,58.95,44.03,74.45,66.79,C
krishna.roy333@gmail.com,Krishna Roy,STU100333,A,Female,22,Mathematics,19.1,80.59,61.77,68.97,66.38,58.64,53.46,78.33,67.43,C
sara.iyer334@gmail.com,Sara Iyer,STU100334,A,Female,24,CS,21.5,81.9,61.65,66.85,70.45,57.21,46.73,74.41,66.64,C
ira.das335@gmail.com,Ira Das,STU100335,B,Female,22,Engineering,18.8,67.87,58.42,60.33,71.76,65.98,56.75,73.04,64.08,C
shaurya.chatterjee336@gmail.com,Shaurya Chatterjee,STU100336,C,Male,21,CS,23.1,79.21,61.98,76.59,69.7,65.2,50.76,81.47,70.96,B
ira.iyer337@gmail.com,Ira Iyer,STU100337,C,Male,18,Business,11.0,77.16,57.35,64.79,65.96,52.58,47.38,69.06,63.05,C
aarav.chatterjee338@gmail.com,Aarav Chatterjee,STU100338,B,Male,17,CS,8.7,67.53,47.91,49.31,59.96,54.91,44.74,63.91,54.24,D
anika.kumar339@gmail.com,Anika Kumar,STU100339,A,Male,23,Engineering,12.3,68.92,46.39,61.4,54.99,59.39,52.15,70.76,58.46,C
ira.singh340@gmail.com,Ira Singh,STU100340,A,Male,19,Mathematics,22.9,85.14,66.0,75.93,77.89,64.49,53.22,73.45,72.63,B
sai.patel341@gmail.com,Sai Patel,STU100341,D,Female,21,CS,14.8,70.67,58.08,47.15,69.33,59.9,51.02,73.56,59.12,C
krishna.kumar342@gmail.com,Krishna Kumar,STU100342,B,Female,18,Engineering,26.8,85.72,60.75,72.12,81.21,64.24,61.56,85.39,72.58,B
ishita.gupta343@gmail.com,Ishita Gupta,STU100343,D,Male,18,Mathematics,15.6,77.71,48.28,65.25,60.27,62.96,54.86,70.33,62.11,C
riya.sharma344@gmail.com,Riya Sharma,STU100344,A,Female,17,CS,18.0,75.59,60.75,61.51,65.01,51.55,45.82,71.97,62.56,C
anika.iyer345@gmail.com,Anika Iyer,STU100345,C,Male,22,Business,30.5,92.67,78.06,66.87,83.26,73.3,71.02,85.79,76.89,B
vivaan.sharma346@gmail.com,Vivaan Sharma,STU100346,A,Male,22,Business,17.7,79.29,56.35,67.79,69.19,57.63,40.0,69.22,64.6,C
sai.das347@gmail.com,Sai Das,STU100347,B,Male,17,Mathematics,19.9,80.44,67.55,66.95,70.7,59.94,60.07,76.48,68.89,C
shaurya.gupta348@gmail.com,Shaurya Gupta,STU100348,C,Female,21,CS,10.8,70.8,57.13,57.43,65.21,63.09,57.82,69.37,61.65,C
reyansh.sharma349@gmail.com,Reyansh Sharma,STU100349,C,Female,18,Engineering,21.2,81.59,55.3,73.03,68.44,63.64,53.87,75.36,67.99,C
sai.roy350@gmail.com,Sai Roy,STU100350,C,Female,20,Business,12.0,72.67,45.29,62.71,63.46,66.42,42.73,71.49,60.58,C
ananya.sharma351@gmail.com,Ananya Sharma,STU100351,A,Female,23,Mathematics,18.5,82.9,53.09,68.14,71.19,56.99,43.36,74.96,65.39,C
riya.patel352@gmail.com,Riya Patel,STU100352,E,Male,17,CS,25.9,82.82,62.79,71.92,80.77,66.91,60.75,87.19,72.98,B
vivaan.sharma353@gmail.com,Vivaan Sharma,STU100353,A,Male,19,CS,25.5,83.84,54.41,81.17,70.68,72.82,68.62,76.41,72.57,B
arjun.roy354@gmail.com,Arjun Roy,STU100354,E,Female,17,Business,24.2,88.0,63.93,75.92,77.16,77.25,60.13,80.49,74.71,B
ira.kumar355@gmail.com,Ira Kumar,STU100355,D,Female,19,Mathematics,26.8,87.12,55.93,74.83,80.28,60.26,58.35,88.08,72.14,B
aarav.das356@gmail.com,Aarav Das,STU100356,E,Female,18,Mathematics,21.7,79.95,54.11,66.27,71.87,59.73,64.45,81.9,66.87,C
diya.singh357@gmail.com,Diya Singh,STU100357,D,Male,18,Mathematics,26.7,86.34,65.87,76.37,77.51,75.21,72.93,83.89,75.9,B
aarav.gupta358@gmail.com,Aarav Gupta,STU100358,B,Female,22,Business,22.4,83.57,58.72,71.75,79.34,63.13,45.84,83.07,70.44,B
ishaan.sharma359@gmail.com,Ishaan Sharma,STU100359,E,Male,19,Engineering,17.2,81.18,55.05,58.12,67.39,58.16,48.61,74.59,62.38,C
arjun.patel360@gmail.com,Arjun Patel,STU100360,C,Male,20,Mathematics,13.2,69.25,50.16,59.86,64.48,58.36,49.97,71.67,60.09,C
vihaan.chatterjee361@gmail.com,Vihaan Chatterjee,STU100361,D,Male,21,Engineering,28.6,84.86,66.89,78.0,83.64,69.66,63.9,88.2,76.79,B
sara.singh362@gmail.com,Sara Singh,STU100362,C,Female,21,Mathematics,19.3,79.66,58.93,69.4,74.73,59.74,61.53,75.21,68.35,C
diya.kumar363@gmail.com,Diya Kumar,STU100363,C,Male,17,Engineering,30.3,86.6,73.09,77.41,79.62,68.05,63.49,87.24,77.15,B
anika.das364@gmail.com,Anika Das,STU100364,A,Female,17,Engineering,15.4,70.17,62.68,66.1,64.77,55.04,53.09,72.64,64.52,C
ananya.iyer365@gmail.com,Ananya Iyer,STU100365,E,Male,17,Business,17.7,83.36,50.67,66.19,73.57,55.83,54.12,68.52,64.5,C
shaurya.das366@gmail.com,Shaurya Das,STU100366,B,Male,19,Business,21.9,78.4,65.43,71.61,65.59,70.61,50.81,86.22,70.47,B
vivaan.verma367@gmail.com,Vivaan Verma,STU100367,C,Male,22,Engineering,20.9,84.26,71.96,65.83,71.47,61.56,57.4,69.28,69.24,C
sara.kumar368@gmail.com,Sara Kumar,STU100368,B,Female,20,Business,16.7,77.8,57.37,68.25,71.07,63.19,54.52,72.28,66.66,C
sara.das369@gmail.com,Sara Das,STU100369,E,Female,23,Engineering,8.1,60.58,50.87,55.84,56.65,46.59,44.33,61.88,54.55,D
sara.kumar370@gmail.com,Sara Kumar,STU100370,C,Female,19,Business,25.5,84.23,71.43,71.44,69.59,68.09,56.8,85.75,72.8,B
aditya.gupta371@gmail.com,Aditya Gupta,STU100371,C,Male,17,Business,23.2,85.03,61.83,76.91,75.94,62.25,60.82,80.64,72.66,B
navya.patel372@gmail.com,Navya Patel,STU100372,D,Female,21,Business,22.8,80.88,58.79,65.34,73.28,65.67,47.07,74.05,66.77,C
anika.kumar373@gmail.com,Anika Kumar,STU100373,B,Female,17,CS,21.8,80.99,59.3,70.65,73.41,69.51,53.93,79.99,69.81,C
shaurya.patel374@gmail.com,Shaurya Patel,STU100374,C,Male,21,Mathematics,18.9,82.62,60.35,60.18,73.7,66.27,57.27,77.4,66.67,C
aarav.iyer375@gmail.com,Aarav Iyer,STU100375,B,Male,22,Business,14.6,78.99,55.38,58.19,62.18,56.15,50.93,69.46,60.87,C
myra.sharma376@gmail.com,Myra Sharma,STU100376,C,Female,21,Mathematics,13.9,70.78,58.51,57.93,63.16,52.13,46.48,77.09,60.88,C
sai.gupta377@gmail.com,Sai Gupta,STU100377,D,Female,21,Mathematics,24.5,86.18,68.5,80.94,77.73,62.02,57.36,79.76,75.31,B
sara.kumar378@gmail.com,Sara Kumar,STU100378,C,Male,17,Business,13.9,79.84,58.08,68.43,61.65,60.96,46.86,77.18,65.53,C
aadhya.verma379@gmail.com,Aadhya Verma,STU100379,E,Male,17,Business,27.9,92.91,66.06,78.2,77.1,74.74,57.29,82.44,76.11,B
aadhya.patel380@gmail.com,Aadhya Patel,STU100380,E,Male,24,Business,24.6,85.67,67.34,81.54,82.03,61.04,46.08,80.54,75.26,B
reyansh.iyer381@gmail.com,Reyansh Iyer,STU100381,D,Male,23,Engineering,15.7,71.82,55.11,62.07,66.31,51.84,56.0,68.7,61.62,C
aditya.roy382@gmail.com,Aditya Roy,STU100382,C,Male,18,Mathematics,22.6,78.23,60.97,66.67,68.51,58.52,59.92,82.83,67.43,C
vivaan.chatterjee383@gmail.com,Vivaan Chatterjee,STU100383,D,Female,18,Business,25.6,82.38,68.25,71.14,73.84,77.26,62.33,81.73,73.32,B
ishaan.roy384@gmail.com,Ishaan Roy,STU100384,D,Female,17,Business,27.9,86.88,69.44,65.89,77.44,67.88,55.67,89.62,72.49,B
aditya.iyer385@gmail.com,Aditya Iyer,STU100385,B,Female,21,CS,12.1,72.38,53.49,63.4,72.85,53.47,42.63,65.01,61.86,C
aditya.patel386@gmail.com,Aditya Patel,STU100386,C,Female,19,Mathematics,22.7,86.5,64.94,69.99,75.26,68.82,52.03,81.43,71.55,B
sai.gupta387@gmail.com,Sai Gupta,STU100387,A,Male,21,Business,18.9,79.35,60.42,63.3,73.38,58.15,58.1,81.3,66.86,C
ira.das388@gmail.com,Ira Das,STU100388,C,Female,20,Engineering,23.6,82.19,63.53,68.92,74.14,69.44,52.27,76.45,69.92,C
anika.patel389@gmail.com,Anika Patel,STU100389,C,Male,20,Business,30.1,95.66,78.11,75.71,83.8,74.12,66.53,83.33,79.54,B
myra.patel390@gmail.com,Myra Patel,STU100390,E,Male,17,Mathematics,20.2,80.09,60.96,68.89,69.1,63.13,49.53,81.1,68.13,C
myra.das391@gmail.com,Myra Das,STU100391,D,Male,22,Business,24.6,87.41,68.84,74.45,79.53,77.84,61.23,81.4,75.76,B
reyansh.patel392@gmail.com,Reyansh Patel,STU100392,A,Female,18,Business,21.8,85.98,66.45,68.55,70.95,65.4,45.19,77.16,69.61,C
diya.roy393@gmail.com,Diya Roy,STU100393,D,Female,20,Mathematics,16.2,74.21,56.38,73.05,69.27,58.73,65.15,70.11,67.14,C
arjun.patel394@gmail.com,Arjun Patel,STU100394,D,Male,24,CS,14.3,69.87,58.65,57.08,64.43,56.97,47.02,75.01,61.05,C
navya.sharma395@gmail.com,Navya Sharma,STU100395,A,Female,24,Engineering,21.0,79.4,67.52,66.31,59.39,70.48,52.64,81.07,68.03,C
riya.gupta396@gmail.com,Riya Gupta,STU100396,C,Female,17,Business,20.4,82.38,60.19,69.2,64.68,58.2,58.58,75.58,67.04,C
reyansh.verma397@gmail.com,Reyansh Verma,STU100397,B,Male,19,CS,18.2,82.49,55.22,68.33,62.81,63.89,55.95,78.1,66.21,C
aadhya.chatterjee398@gmail.com,Aadhya Chatterjee,STU100398,B,Male,17,Business,18.1,75.44,61.19,69.64,67.73,65.51,49.55,76.14,67.48,C
aarav.iyer399@gmail.com,Aarav Iyer,STU100399,A,Female,22,Engineering,11.0,73.11,56.95,45.96,66.02,52.94,49.87,73.34,57.52,C
riya.patel400@gmail.com,Riya Patel,STU100400,C,Female,19,Mathematics,15.8,79.46,53.37,61.68,68.04,62.07,49.63,66.21,62.64,C
navya.kumar401@gmail.com,Navya Kumar,STU100401,D,Male,21,CS,23.9,86.64,76.62,72.99,70.27,62.37,55.3,83.39,73.77,B
ananya.roy402@gmail.com,Ananya Roy,STU100402,B,Male,19,Mathematics,26.5,95.58,70.64,63.83,80.75,80.01,59.76,87.62,74.7,B
navya.gupta403@gmail.com,Navya Gupta,STU100403,E,Female,24,Business,28.9,90.5,75.52,78.89,83.81,71.88,59.61,85.6,79.12,B
sara.patel404@gmail.com,Sara Patel,STU100404,C,Female,19,Engineering,27.0,83.29,59.59,61.52,82.43,64.8,47.92,83.27,68.27,C
aadhya.das405@gmail.com,Aadhya Das,STU100405,A,Male,23,Business,11.8,72.47,48.26,62.01,57.07,55.51,40.0,67.79,58.39,C
ira.chatterjee406@gmail.com,Ira Chatterjee,STU100406,C,Male,18,CS,16.2,71.84,53.11,67.34,63.41,60.45,47.58,74.55,63.4,C
vihaan.das407@gmail.com,Vihaan Das,STU100407,A,Female,22,CS,19.0,74.66,50.87,76.88,63.51,64.43,49.5,74.78,66.62,C
ishita.chatterjee408@gmail.com,Ishita Chatterjee,STU100408,A,Male,18,Mathematics,21.2,79.57,57.78,78.43,69.55,59.95,50.49,72.64,69.26,C
aditya.patel409@gmail.com,Aditya Patel,STU100409,A,Female,17,Business,28.6,85.34,60.22,78.54,80.6,76.29,66.22,83.65,75.54,B
vivaan.verma410@gmail.com,Vivaan Verma,STU100410,D,Male,22,Mathematics,18.5,75.73,49.13,69.26,68.99,66.34,56.54,76.39,65.63,C
aditya.singh411@gmail.com,Aditya Singh,STU100411,A,Male,18,Mathematics,23.2,86.5,63.98,70.61,74.76,71.67,46.82,76.83,71.03,B
krishna.singh412@gmail.com,Krishna Singh,STU100412,A,Female,23,CS,19.0,77.29,53.29,73.97,63.77,57.3,51.26,73.1,65.75,C
ananya.singh413@gmail.com,Ananya Singh,STU100413,A,Female,21,Engineering,21.4,84.1,59.43,66.55,75.73,59.41,53.0,83.98,68.61,C
anika.kumar414@gmail.com,Anika Kumar,STU100414,C,Female,17,CS,21.9,86.02,69.05,61.31,74.24,59.7,67.37,72.21,68.5,C
arjun.kumar415@gmail.com,Arjun Kumar,STU100415,A,Male,21,Mathematics,19.4,77.96,62.6,69.9,74.49,69.63,60.7,75.04,69.96,C
navya.gupta416@gmail.com,Navya Gupta,STU100416,E,Male,22,Engineering,19.7,83.12,65.79,69.29,79.74,74.42,51.75,78.98,72.14,B
aditya.sharma417@gmail.com,Aditya Sharma,STU100417,C,Male,19,CS,18.6,80.35,51.17,68.42,77.01,60.48,46.4,82.84,67.0,C
ira.verma418@gmail.com,Ira Verma,STU100418,B,Male,18,CS,12.3,71.48,55.44,60.89,56.13,58.4,54.79,72.26,60.73,C
aadhya.iyer419@gmail.com,Aadhya Iyer,STU100419,D,Male,23,Mathematics,19.6,84.5,57.96,67.3,74.07,59.44,56.06,80.35,68.12,C
ishita.sharma420@gmail.com,Ishita Sharma,STU100420,C,Male,21,Mathematics,26.3,85.06,70.26,69.98,74.84,64.05,52.04,88.23,72.61,B
sai.iyer421@gmail.com,Sai Iyer,STU100421,A,Female,21,Mathematics,25.2,86.46,57.27,75.01,72.82,69.22,61.68,81.02,71.63,B
arjun.das422@gmail.com,Arjun Das,STU100422,E,Male,21,Engineering,21.5,79.6,52.94,67.38,78.39,67.67,60.67,72.61,67.58,C
krishna.roy423@gmail.com,Krishna Roy,STU100423,D,Male,22,Mathematics,17.5,80.35,54.04,57.06,68.76,57.6,62.55,72.28,62.39,C
ira.verma424@gmail.com,Ira Verma,STU100424,B,Female,20,Mathematics,18.7,81.03,57.23,65.27,71.54,55.64,45.72,80.72,65.78,C
sai.verma425@gmail.com,Sai Verma,STU100425,A,Male,21,Engineering,9.5,66.66,51.45,50.57,59.52,48.59,54.49,71.71,55.81,C
ananya.singh426@gmail.com,Ananya Singh,STU100426,B,Female,22,CS,18.6,77.02,61.22,59.69,76.99,54.17,59.55,70.52,64.85,C
arjun.sharma427@gmail.com,Arjun Sharma,STU100427,B,Female,21,CS,10.4,69.25,47.47,68.44,61.89,56.35,43.65,61.19,60.17,C
ira.chatterjee428@gmail.com,Ira Chatterjee,STU100428,D,Male,24,Business,20.6,79.08,66.1,66.68,67.09,64.54,59.38,79.41,68.56,C
vivaan.sharma429@gmail.com,Vivaan Sharma,STU100429,B,Male,20,CS,25.3,88.65,56.19,66.76,79.37,69.4,69.28,89.64,71.4,B
vivaan.roy430@gmail.com,Vivaan Roy,STU100430,B,Male,23,CS,22.2,80.76,64.3,69.32,70.71,57.79,60.77,75.95,68.75,C
riya.das431@gmail.com,Riya Das,STU100431,C,Male,17,Engineering,27.6,82.84,68.43,67.01,73.53,69.59,60.38,90.38,72.12,B
anika.chatterjee432@gmail.com,Anika Chatterjee,STU100432,E,Female,24,Engineering,18.2,75.85,54.39,67.83,68.25,55.85,47.3,74.35,64.44,C
shaurya.iyer433@gmail.com,Shaurya Iyer,STU100433,C,Female,17,Business,23.9,79.27,59.51,65.04,69.45,68.38,64.52,81.05,67.93,C
navya.kumar434@gmail.com,Navya Kumar,STU100434,A,Female,21,Mathematics,18.9,82.29,56.07,68.38,64.87,58.3,48.4,76.15,65.55,C
shaurya.iyer435@gmail.com,Shaurya Iyer,STU100435,B,Female,22,Mathematics,26.9,83.97,75.14,69.57,75.81,62.29,52.92,79.81,72.52,B
arjun.roy436@gmail.com,Arjun Roy,STU100436,C,Female,23,CS,19.2,76.96,60.49,67.46,70.8,62.02,46.61,78.63,67.04,C
ananya.kumar437@gmail.com,Ananya Kumar,STU100437,A,Male,17,Engineering,24.4,88.56,63.52,72.91,76.54,61.38,61.24,78.99,72.01,B
aditya.singh438@gmail.com,Aditya Singh,STU100438,C,Female,22,Business,13.2,69.61,56.76,62.93,68.18,59.01,47.84,61.7,61.88,C
shaurya.kumar439@gmail.com,Shaurya Kumar,STU100439,A,Female,18,CS,17.4,74.61,51.85,61.7,78.32,61.51,51.88,76.95,64.53,C
anika.verma440@gmail.com,Anika Verma,STU100440,A,Female,19,Engineering,17.4,75.83,54.44,64.26,68.3,67.81,45.38,77.69,64.81,C
ishaan.das441@gmail.com,Ishaan Das,STU100441,E,Female,17,Engineering,24.5,88.37,58.94,73.54,78.22,66.12,59.67,82.39,72.25,B
ananya.roy442@gmail.com,Ananya Roy,STU100442,C,Male,20,CS,19.0,79.05,51.97,64.52,70.18,66.79,51.85,65.26,63.98,C
myra.das443@gmail.com,Myra Das,STU100443,A,Female,23,Business,21.0,80.97,58.4,71.26,71.35,54.57,51.65,77.63,67.66,C
sai.singh444@gmail.com,Sai Singh,STU100444,E,Female,23,CS,20.4,82.93,61.4,62.65,68.58,65.91,45.41,72.49,65.76,C
vihaan.gupta445@gmail.com,Vihaan Gupta,STU100445,B,Female,23,CS,19.0,82.21,56.1,73.16,66.81,60.88,57.37,75.67,67.93,C
anika.iyer446@gmail.com,Anika Iyer,STU100446,E,Male,21,Engineering,17.6,77.39,54.43,53.85,66.98,69.27,55.26,74.92,62.01,C
sai.sharma447@gmail.com,Sai Sharma,STU100447,C,Male,20,Mathematics,25.9,86.98,69.82,73.14,77.29,60.5,59.65,78.97,73.13,B
ira.kumar448@gmail.com,Ira Kumar,STU100448,B,Male,24,Engineering,14.5,72.44,44.15,59.75,66.73,65.97,50.55,71.08,60.24,C
myra.singh449@gmail.com,Myra Singh,STU100449,B,Female,24,Mathematics,18.0,82.04,65.13,65.0,62.48,55.56,55.38,79.58,66.38,C
sai.kumar450@gmail.com,Sai Kumar,STU100450,E,Male,22,Mathematics,20.4,84.67,56.75,76.44,62.89,58.07,50.34,79.21,68.43,C
reyansh.gupta451@gmail.com,Reyansh Gupta,STU100451,D,Female,21,Business,26.8,91.88,59.12,74.1,81.42,64.97,47.52,76.51,71.98,B
vivaan.sharma452@gmail.com,Vivaan Sharma,STU100452,D,Male,19,Business,19.4,83.91,56.31,67.61,71.99,62.82,50.82,78.41,67.4,C
navya.gupta453@gmail.com,Navya Gupta,STU100453,B,Female,19,Engineering,16.0,77.22,61.52,58.54,72.67,56.11,47.02,68.9,63.34,C
navya.chatterjee454@gmail.com,Navya Chatterjee,STU100454,A,Male,24,Engineering,16.7,75.75,57.72,68.25,69.52,67.06,52.15,81.11,67.45,C
anika.gupta455@gmail.com,Anika Gupta,STU100455,A,Male,21,Business,14.8,78.61,61.65,55.73,64.96,61.76,52.49,66.5,62.1,C
vivaan.iyer456@gmail.com,Vivaan Iyer,STU100456,C,Male,22,Business,23.4,87.07,68.72,63.25,79.12,61.69,61.57,79.41,70.48,B
shaurya.kumar457@gmail.com,Shaurya Kumar,STU100457,C,Male,20,Business,21.9,85.49,60.87,77.44,75.66,64.9,51.13,75.32,71.88,B
ira.kumar458@gmail.com,Ira Kumar,STU100458,D,Male,20,Mathematics,20.3,85.68,61.21,68.67,69.29,74.81,56.6,73.36,69.45,C
shaurya.singh459@gmail.com,Shaurya Singh,STU100459,C,Female,23,CS,30.9,89.99,73.3,80.23,86.52,78.96,61.77,84.39,80.13,B
aditya.patel460@gmail.com,Aditya Patel,STU100460,B,Female,20,Mathematics,27.5,82.44,60.59,71.32,84.47,68.56,53.65,81.34,72.1,B
diya.verma461@gmail.com,Diya Verma,STU100461,E,Male,20,CS,18.8,82.4,62.21,77.55,64.69,48.69,57.19,72.03,68.58,C
aditya.iyer462@gmail.com,Aditya Iyer,STU100462,D,Female,22,Engineering,14.3,77.71,57.46,54.45,63.53,54.04,57.18,66.65,60.06,C
krishna.roy463@gmail.com,Krishna Roy,STU100463,D,Male,22,Mathematics,29.8,90.88,64.18,72.04,75.12,71.86,65.04,88.05,74.05,B
anika.patel464@gmail.com,Anika Patel,STU100464,C,Male,24,Mathematics,16.4,76.47,55.57,67.49,63.03,55.61,48.0,78.42,64.27,C
navya.iyer465@gmail.com,Navya Iyer,STU100465,D,Female,22,Mathematics,24.1,80.17,49.41,67.8,75.0,64.13,64.89,83.82,67.53,C
ishaan.chatterjee466@gmail.com,Ishaan Chatterjee,STU100466,E,Female,20,CS,13.8,73.27,53.35,53.04,64.72,60.0,57.43,67.78,59.27,C
shaurya.sharma467@gmail.com,Shaurya Sharma,STU100467,E,Male,17,Mathematics,21.7,83.09,56.02,75.57,71.21,68.57,58.59,76.72,70.32,B
riya.das468@gmail.com,Riya Das,STU100468,C,Male,21,CS,25.5,84.39,62.12,72.08,78.25,73.09,48.38,81.39,72.09,B
ananya.roy469@gmail.com,Ananya Roy,STU100469,D,Female,19,Mathematics,27.1,92.14,67.15,77.15,75.85,74.77,67.58,88.94,76.92,B
ishita.sharma470@gmail.com,Ishita Sharma,STU100470,A,Female,18,Business,29.5,92.19,68.87,76.01,80.72,70.86,61.56,91.83,77.25,B
diya.kumar471@gmail.com,Diya Kumar,STU100471,A,Male,19,Business,12.3,70.4,56.68,65.73,63.5,56.1,41.4,65.32,61.83,C
sara.roy472@gmail.com,Sara Roy,STU100472,C,Female,19,Mathematics,12.3,69.29,47.51,64.1,65.77,53.16,45.55,72.49,60.37,C
shaurya.chatterjee473@gmail.com,Shaurya Chatterjee,STU100473,B,Female,19,Mathematics,7.4,63.67,49.65,49.75,59.46,46.5,40.0,69.37,53.73,D
sara.sharma474@gmail.com,Sara Sharma,STU100474,B,Female,24,Business,17.4,78.83,54.98,57.72,69.96,60.26,40.0,73.5,62.07,C
diya.singh475@gmail.com,Diya Singh,STU100475,E,Female,18,Mathematics,28.2,86.58,66.59,81.66,73.25,74.98,51.75,94.63,77.01,B
navya.iyer476@gmail.com,Navya Iyer,STU100476,E,Female,24,Mathematics,20.5,78.54,70.04,72.0,71.32,69.94,48.06,78.51,71.41,B
sara.gupta477@gmail.com,Sara Gupta,STU100477,E,Male,19,Business,21.7,80.79,52.33,69.01,70.33,60.35,56.96,78.74,66.55,C
krishna.das478@gmail.com,Krishna Das,STU100478,B,Male,23,Business,20.8,81.58,61.56,58.08,69.43,71.39,53.77,78.02,65.94,C
myra.kumar479@gmail.com,Myra Kumar,STU100479,A,Female,19,CS,23.6,85.84,70.44,68.32,72.13,69.13,65.71,78.05,71.99,B
ishaan.verma480@gmail.com,Ishaan Verma,STU100480,D,Male,17,Engineering,18.8,77.93,54.22,62.69,70.05,61.73,48.92,79.49,64.52,C
ananya.verma481@gmail.com,Ananya Verma,STU100481,A,Male,19,CS,10.2,68.65,48.53,55.5,56.86,55.72,48.26,69.98,56.73,C
aditya.verma482@gmail.com,Aditya Verma,STU100482,A,Female,22,Business,5.0,67.51,40.0,47.03,52.17,57.25,40.0,61.7,50.58,D
ishaan.das483@gmail.com,Ishaan Das,STU100483,B,Female,24,Business,12.8,72.78,62.83,65.69,61.55,61.86,51.45,65.73,64.11,C
krishna.gupta484@gmail.com,Krishna Gupta,STU100484,C,Male,22,Business,14.8,79.01,57.52,64.25,64.32,54.38,50.23,68.29,63.11,C
anika.gupta485@gmail.com,Anika Gupta,STU100485,C,Female,24,Business,17.8,78.21,66.87,62.07,63.82,61.15,40.0,70.88,64.59,C
aarav.chatterjee486@gmail.com,Aarav Chatterjee,STU100486,D,Male,22,Business,23.6,80.73,68.58,78.07,66.7,65.33,51.4,83.48,72.67,B
anika.singh487@gmail.com,Anika Singh,STU100487,D,Female,24,Engineering,31.2,88.39,66.92,79.08,85.06,83.7,75.71,85.3,79.39,B
sai.kumar488@gmail.com,Sai Kumar,STU100488,A,Male,19,CS,28.7,87.73,72.01,70.19,78.34,73.84,65.74,85.2,75.18,B
navya.patel489@gmail.com,Navya Patel,STU100489,A,Female,22,CS,28.4,86.02,66.21,71.71,83.32,66.56,62.96,89.95,74.65,B
navya.verma490@gmail.com,Navya Verma,STU100490,C,Female,20,Business,13.7,76.03,55.94,61.58,69.25,64.86,46.04,75.01,63.94,C
sai.kumar491@gmail.com,Sai Kumar,STU100491,A,Female,22,CS,17.5,76.05,63.19,68.34,66.75,66.68,55.4,74.37,67.63,C
aarav.kumar492@gmail.com,Aarav Kumar,STU100492,D,Male,24,Business,22.2,79.23,69.38,69.99,71.98,67.61,44.56,79.3,70.51,B
sara.patel493@gmail.com,Sara Patel,STU100493,B,Female,18,Engineering,18.5,77.79,60.49,52.56,71.64,63.35,55.35,66.07,62.1,C
ira.sharma494@gmail.com,Ira Sharma,STU100494,B,Female,22,Mathematics,18.2,80.01,63.72,65.71,69.37,61.48,56.41,75.24,67.36,C
ishita.roy495@gmail.com,Ishita Roy,STU100495,A,Male,18,CS,19.5,81.29,62.25,63.62,75.16,69.77,51.95,75.38,68.05,C
navya.gupta496@gmail.com,Navya Gupta,STU100496,A,Male,17,Business,22.4,80.59,66.94,69.49,74.25,63.79,53.33,81.23,70.6,B
aarav.chatterjee497@gmail.com,Aarav Chatterjee,STU100497,C,Male,20,Engineering,24.7,84.68,61.67,72.46,76.39,63.08,52.5,85.92,71.53,B
shaurya.chatterjee498@gmail.com,Shaurya Chatterjee,STU100498,E,Male,17,Mathematics,10.4,67.4,53.76,53.7,58.59,47.41,49.63,63.5,55.96,C
sai.chatterjee499@gmail.com,Sai Chatterjee,STU100499,C,Female,21,Engineering,23.1,83.54,62.85,72.4,73.2,60.9,57.04,87.83,71.35,B
navya.verma500@gmail.com,Navya Verma,STU100500,B,Male,17,Business,9.4,65.77,51.26,50.93,62.21,51.69,40.33,69.52,55.58,C
arjun.roy501@gmail.com,Arjun Roy,STU100501,B,Female,20,Engineering,25.8,89.03,64.44,78.62,82.05,68.61,47.83,82.17,75.15,B
shaurya.iyer502@gmail.com,Shaurya Iyer,STU100502,B,Male,19,Engineering,24.6,85.8,64.56,62.9,80.28,73.47,60.5,84.93,71.27,B
shaurya.sharma503@gmail.com,Shaurya Sharma,STU100503,C,Female,20,Business,23.2,81.35,69.72,73.57,72.8,69.09,48.16,82.94,72.68,B
aadhya.gupta504@gmail.com,Aadhya Gupta,STU100504,D,Female,23,Engineering,27.3,90.08,66.57,73.43,81.06,67.51,56.63,85.82,74.68,B
arjun.das505@gmail.com,Arjun Das,STU100505,E,Male,17,CS,24.0,83.59,62.2,73.87,79.11,67.82,49.52,79.39,72.02,B
aarav.roy506@gmail.com,Aarav Roy,STU100506,C,Female,21,CS,19.2,76.75,59.45,64.94,74.23,68.92,51.03,77.22,67.35,C
myra.das507@gmail.com,Myra Das,STU100507,E,Female,23,Mathematics,23.3,88.31,60.92,65.7,78.85,60.75,50.61,77.02,68.86,C
ishita.iyer508@gmail.com,Ishita Iyer,STU100508,B,Male,24,CS,26.6,86.44,62.23,74.38,79.57,70.69,67.12,84.19,74.18,B
aarav.sharma509@gmail.com,Aarav Sharma,STU100509,A,Female,18,Mathematics,18.6,76.17,61.03,53.2,68.78,60.29,45.72,71.6,61.57,C
navya.gupta510@gmail.com,Navya Gupta,STU100510,A,Female,20,Engineering,13.5,72.1,49.69,60.89,61.31,56.04,48.85,69.88,59.65,C
ishaan.das511@gmail.com,Ishaan Das,STU100511,E,Female,21,CS,16.4,76.04,58.22,66.06,67.5,68.97,52.32,75.43,66.25,C
reyansh.iyer512@gmail.com,Reyansh Iyer,STU100512,D,Female,24,Business,21.5,80.23,61.06,75.39,68.1,62.86,56.16,86.01,70.76,B
riya.iyer513@gmail.com,Riya Iyer,STU100513,A,Female,20,Business,25.8,89.09,70.96,67.03,76.36,60.09,58.69,89.07,72.51,B
sara.das514@gmail.com,Sara Das,STU100514,E,Female,17,Business,24.9,84.39,52.72,66.58,77.09,62.66,58.38,75.24,67.23,C
krishna.kumar515@gmail.com,Krishna Kumar,STU100515,E,Male,24,Mathematics,14.4,79.0,59.33,61.05,65.88,57.0,52.74,72.16,63.51,C
anika.patel516@gmail.com,Anika Patel,STU100516,C,Male,18,Engineering,17.9,76.06,54.91,63.23,61.23,71.35,58.96,78.89,64.71,C
diya.iyer517@gmail.com,Diya Iyer,STU100517,B,Female,22,Engineering,24.7,85.97,69.21,75.86,77.42,65.02,65.28,80.1,74.59,B
navya.sharma518@gmail.com,Navya Sharma,STU100518,C,Female,24,CS,22.3,82.44,62.81,66.42,69.02,65.49,60.9,76.32,68.31,C
navya.sharma519@gmail.com,Navya Sharma,STU100519,A,Female,23,Business,18.8,77.38,55.42,62.86,68.51,62.02,47.21,74.91,64.01,C
arjun.sharma520@gmail.com,Arjun Sharma,STU100520,A,Female,20,CS,10.4,68.84,48.23,54.61,55.96,51.84,40.0,66.56,55.14,C
arjun.patel521@gmail.com,Arjun Patel,STU100521,A,Female,20,Business,5.0,61.47,40.0,53.42,55.73,48.6,41.05,55.0,50.94,D
ishaan.patel522@gmail.com,Ishaan Patel,STU100522,D,Male,18,Business,16.3,74.07,51.76,72.8,61.16,58.43,42.13,75.68,64.29,C
aditya.roy523@gmail.com,Aditya Roy,STU100523,D,Female,17,CS,21.0,80.17,65.1,72.2,68.96,65.8,48.89,79.57,70.02,B
myra.sharma524@gmail.com,Myra Sharma,STU100524,D,Male,22,Business,14.5,69.85,59.38,58.22,67.58,56.38,46.79,69.33,61.37,C
ira.kumar525@gmail.com,Ira Kumar,STU100525,C,Female,17,CS,22.3,87.97,65.86,70.3,66.46,61.2,59.39,76.49,69.77,C
aarav.patel526@gmail.com,Aarav Patel,STU100526,B,Male,17,CS,12.4,71.4,50.89,53.25,61.29,52.39,40.99,63.87,56.16,C
sai.iyer527@gmail.com,Sai Iyer,STU100527,B,Female,20,CS,34.0,95.22,77.2,78.77,83.58,84.25,67.3,94.37,82.36,B
navya.patel528@gmail.com,Navya Patel,STU100528,B,Female,20,CS,14.7,77.61,58.47,57.37,66.68,61.94,42.94,68.77,61.88,C
diya.sharma529@gmail.com,Diya Sharma,STU100529,B,Male,24,Business,21.7,86.18,64.13,68.9,64.12,61.67,52.02,82.79,68.78,C
shaurya.gupta530@gmail.com,Shaurya Gupta,STU100530,A,Male,19,Mathematics,21.1,79.63,59.09,68.16,76.28,70.14,52.64,77.13,69.03,C
riya.iyer531@gmail.com,Riya Iyer,STU100531,B,Female,23,Engineering,18.3,77.97,47.67,63.34,66.27,66.0,52.9,76.41,63.16,C
sara.das532@gmail.com,Sara Das,STU100532,C,Female,18,Engineering,17.6,74.41,60.3,59.2,75.43,56.18,57.38,76.94,64.76,C
aditya.gupta533@gmail.com,Aditya Gupta,STU100533,E,Male,19,Engineering,7.2,69.97,46.39,52.99,67.03,50.28,48.36,66.5,56.32,C
sara.verma534@gmail.com,Sara Verma,STU100534,A,Male,23,CS,19.2,79.88,66.71,67.23,72.0,53.74,52.55,76.85,67.99,C
shaurya.gupta535@gmail.com,Shaurya Gupta,STU100535,E,Male,23,Mathematics,22.9,83.93,59.29,71.07,72.66,69.21,40.96,75.77,69.02,C
sara.roy536@gmail.com,Sara Roy,STU100536,E,Male,20,CS,19.4,75.53,58.77,68.98,70.61,62.78,55.9,72.6,66.92,C
shaurya.sharma537@gmail.com,Shaurya Sharma,STU100537,C,Male,17,Mathematics,25.7,89.33,66.48,74.01,76.95,76.57,65.91,85.4,75.47,B
sara.singh538@gmail.com,Sara Singh,STU100538,B,Female,22,Engineering,16.9,80.86,55.65,65.8,65.36,51.27,46.36,74.01,63.61,C
vivaan.kumar539@gmail.com,Vivaan Kumar,STU100539,A,Female,22,Business,10.1,68.48,47.93,63.12,52.72,57.4,40.0,66.1,57.63,C
aditya.verma540@gmail.com,Aditya Verma,STU100540,C,Male,17,Mathematics,15.1,78.51,62.01,62.63,61.36,58.72,58.13,76.88,64.71,C
diya.chatterjee541@gmail.com,Diya Chatterjee,STU100541,D,Male,21,Engineering,15.1,70.37,55.37,59.05,73.0,54.94,50.94,66.11,61.43,C
myra.sharma542@gmail.com,Myra Sharma,STU100542,A,Female,22,CS,24.5,85.5,58.68,78.67,72.11,61.31,52.57,85.11,71.97,B
vihaan.chatterjee543@gmail.com,Vihaan Chatterjee,STU100543,D,Female,19,Business,33.2,95.95,69.56,78.49,88.27,67.15,55.34,92.09,78.99,B
sai.gupta544@gmail.com,Sai Gupta,STU100544,C,Male,24,Engineering,26.0,82.21,75.56,71.77,69.85,66.06,57.55,88.76,73.7,B
vivaan.patel545@gmail.com,Vivaan Patel,STU100545,E,Female,24,Mathematics,22.2,87.94,56.7,62.87,70.61,65.37,51.92,76.9,66.41,C
myra.sharma546@gmail.com,Myra Sharma,STU100546,B,Male,17,Engineering,22.0,78.23,66.29,66.63,66.85,56.42,63.8,87.0,68.63,C
aditya.singh547@gmail.com,Aditya Singh,STU100547,C,Male,20,Business,17.6,78.38,62.13,57.29,65.89,47.58,59.06,71.56,62.2,C
vivaan.das548@gmail.com,Vivaan Das,STU100548,A,Female,20,CS,20.3,85.46,59.5,71.89,74.98,68.34,59.77,81.32,71.22,B
diya.kumar549@gmail.com,Diya Kumar,STU100549,A,Male,23,CS,23.6,78.78,62.67,73.51,72.98,60.77,64.58,81.57,70.87,B
riya.iyer550@gmail.com,Riya Iyer,STU100550,A,Male,23,Engineering,16.7,78.27,46.82,65.19,72.71,55.01,55.0,75.84,63.49,C
ishita.iyer551@gmail.com,Ishita Iyer,STU100551,E,Female,24,CS,17.9,80.98,70.89,58.88,64.42,61.57,53.36,82.49,66.68,C
shaurya.das552@gmail.com,Shaurya Das,STU100552,C,Female,23,Mathematics,26.7,83.87,64.39,72.56,79.52,71.42,60.89,85.57,73.7,B
ishaan.das553@gmail.com,Ishaan Das,STU100553,B,Female,17,Business,25.9,86.18,72.09,79.53,69.98,75.33,65.24,88.58,77.04,B
aarav.chatterjee554@gmail.com,Aarav Chatterjee,STU100554,B,Female,21,Mathematics,25.1,84.73,69.44,76.33,73.63,69.39,48.37,75.04,73.17,B
anika.sharma555@gmail.com,Anika Sharma,STU100555,B,Female,24,Business,22.4,80.22,69.48,67.19,76.15,63.72,51.03,68.23,69.24,C
ira.patel556@gmail.com,Ira Patel,STU100556,D,Male,22,Business,20.6,80.83,58.66,74.61,68.79,61.07,68.42,77.34,69.78,C
anika.verma557@gmail.com,Anika Verma,STU100557,B,Female,23,CS,23.3,84.13,57.08,63.06,77.12,71.21,53.17,86.22,68.71,C
aadhya.chatterjee558@gmail.com,Aadhya Chatterjee,STU100558,C,Female,18,Business,24.7,81.25,57.68,76.03,62.29,63.83,49.8,82.09,68.89,C
diya.singh559@gmail.com,Diya Singh,STU100559,C,Female,19,Mathematics,8.2,74.22,48.02,48.11,58.35,49.68,42.72,64.71,53.79,D
anika.sharma560@gmail.com,Anika Sharma,STU100560,E,Male,24,Business,16.4,77.72,52.46,64.82,67.7,54.31,58.54,68.16,63.04,C
vivaan.kumar561@gmail.com,Vivaan Kumar,STU100561,A,Male,20,Mathematics,17.6,79.74,64.45,63.75,66.48,53.0,52.42,70.02,64.88,C
navya.roy562@gmail.com,Navya Roy,STU100562,B,Male,18,Mathematics,23.3,80.08,63.17,70.53,73.83,69.69,55.96,80.96,70.74,B
shaurya.kumar563@gmail.com,Shaurya Kumar,STU100563,C,Male,20,Business,16.0,75.65,59.94,64.82,65.69,54.65,55.48,79.16,65.01,C
sai.gupta564@gmail.com,Sai Gupta,STU100564,C,Female,19,Mathematics,8.5,67.11,47.18,58.81,57.62,58.0,45.11,62.04,56.69,C
diya.roy565@gmail.com,Diya Roy,STU100565,B,Female,24,Mathematics,7.3,64.51,49.23,52.11,56.95,53.29,57.18,65.31,55.19,C
vihaan.kumar566@gmail.com,Vihaan Kumar,STU100566,C,Female,23,CS,17.3,71.85,51.23,68.45,66.46,53.65,47.39,76.44,63.32,C
krishna.kumar567@gmail.com,Krishna Kumar,STU100567,A,Female,18,Engineering,21.2,78.38,53.47,77.73,73.47,75.56,49.9,78.36,70.76,B
vivaan.singh568@gmail.com,Vivaan Singh,STU100568,D,Female,24,CS,24.5,81.9,65.12,73.63,69.73,70.34,51.04,80.61,71.41,B
aarav.chatterjee569@gmail.com,Aarav Chatterjee,STU100569,A,Female,18,Mathematics,16.0,72.14,49.53,66.27,67.42,45.22,44.63,67.38,60.61,C
shaurya.verma570@gmail.com,Shaurya Verma,STU100570,E,Female,23,Mathematics,19.3,82.26,61.4,61.52,71.09,58.97,56.05,76.46,65.97,C
diya.sharma571@gmail.com,Diya Sharma,STU100571,C,Female,18,Engineering,21.0,78.39,57.85,67.03,70.72,61.05,47.76,69.16,65.53,C
arjun.iyer572@gmail.com,Arjun Iyer,STU100572,E,Male,19,Mathematics,16.6,71.64,54.98,55.38,73.11,60.7,51.96,74.7,61.88,C
aarav.singh573@gmail.com,Aarav Singh,STU100573,B,Female,20,Mathematics,17.8,74.8,50.71,67.31,72.76,57.2,51.41,81.23,65.14,C
krishna.kumar574@gmail.com,Krishna Kumar,STU100574,A,Female,17,Business,6.6,64.74,44.58,50.13,52.38,52.7,44.91,64.7,52.27,D
anika.sharma575@gmail.com,Anika Sharma,STU100575,E,Male,19,Business,24.8,80.17,59.44,67.09,74.11,62.6,58.91,82.91,68.64,C
ishita.singh576@gmail.com,Ishita Singh,STU100576,E,Female,21,CS,19.9,82.34,56.38,66.0,72.56,55.81,51.74,77.38,66.1,C
anika.das577@gmail.com,Anika Das,STU100577,D,Female,19,Engineering,20.8,78.2,57.37,73.55,70.8,56.56,59.54,72.63,67.88,C
anika.das578@gmail.com,Anika Das,STU100578,D,Male,19,Engineering,17.5,78.12,52.29,67.7,59.26,55.78,48.79,67.44,62.23,C
ishita.roy579@gmail.com,Ishita Roy,STU100579,E,Male,22,CS,30.0,90.71,71.24,80.83,78.06,73.23,57.86,87.43,78.24,B
ananya.sharma580@gmail.com,Ananya Sharma,STU100580,E,Female,21,Mathematics,24.9,83.28,66.69,77.35,75.39,70.24,51.75,87.81,74.57,B
arjun.singh581@gmail.com,Arjun Singh,STU100581,C,Female,24,CS,15.1,81.17,61.18,56.79,63.17,59.58,54.65,74.27,62.98,C
reyansh.kumar582@gmail.com,Reyansh Kumar,STU100582,D,Female,17,CS,11.2,72.63,53.87,62.4,55.27,54.18,60.88,67.61,60.27,C
diya.chatterjee583@gmail.com,Diya Chatterjee,STU100583,B,Male,18,CS,26.7,84.61,68.28,69.01,81.55,66.89,55.48,85.04,73.02,B
shaurya.das584@gmail.com,Shaurya Das,STU100584,D,Male,20,CS,5.9,66.72,47.57,45.0,53.0,45.66,47.65,65.42,51.13,D
vihaan.roy585@gmail.com,Vihaan Roy,STU100585,C,Male,17,Business,26.1,81.97,60.1,67.67,72.29,73.29,60.11,85.36,70.23,B
arjun.patel586@gmail.com,Arjun Patel,STU100586,B,Male,17,CS,14.9,75.83,56.29,60.62,62.76,69.27,59.03,74.28,63.75,C
aadhya.chatterjee587@gmail.com,Aadhya Chatterjee,STU100587,C,Male,17,Engineering,21.3,81.57,68.19,65.51,68.55,69.76,56.72,76.01,69.14,C
ananya.singh588@gmail.com,Ananya Singh,STU100588,A,Female,22,Engineering,15.3,72.49,52.73,60.73,61.0,54.91,51.66,71.6,60.4,C
krishna.iyer589@gmail.com,Krishna Iyer,STU100589,E,Male,18,Mathematics,25.8,85.29,84.5,70.77,70.81,62.9,74.0,85.13,75.78,B
myra.sharma590@gmail.com,Myra Sharma,STU100590,C,Female,22,Business,24.2,86.57,62.43,82.59,70.28,72.48,61.53,77.29,74.51,B
aditya.patel591@gmail.com,Aditya Patel,STU100591,C,Male,17,CS,18.1,78.02,61.56,69.53,76.44,53.03,52.96,69.77,67.37,C
aadhya.patel592@gmail.com,Aadhya Patel,STU100592,C,Male,21,CS,16.5,75.23,57.53,63.98,61.97,65.41,49.48,70.09,63.54,C
sai.sharma593@gmail.com,Sai Sharma,STU100593,A,Male,17,Business,19.6,81.7,57.9,60.88,70.64,58.77,57.66,78.01,65.17,C
aditya.kumar594@gmail.com,Aditya Kumar,STU100594,A,Female,20,CS,15.2,76.44,56.53,68.2,63.67,56.68,50.77,67.89,63.96,C
diya.verma595@gmail.com,Diya Verma,STU100595,C,Female,21,Mathematics,24.7,83.48,67.56,74.44,75.16,65.58,59.65,79.07,72.91,B
sai.iyer596@gmail.com,Sai Iyer,STU100596,A,Female,17,Engineering,17.6,73.67,50.27,62.42,66.86,64.05,49.62,72.48,62.31,C
vivaan.verma597@gmail.com,Vivaan Verma,STU100597,E,Male,23,Engineering,20.8,78.9,57.57,70.3,63.51,69.36,61.72,81.63,68.2,C
aarav.das598@gmail.com,Aarav Das,STU100598,D,Female,20,CS,10.0,73.21,50.36,67.91,62.1,54.42,47.2,65.58,61.44,C
krishna.verma599@gmail.com,Krishna Verma,STU100599,E,Female,18,Mathematics,24.9,84.62,62.65,79.62,72.29,62.79,53.1,87.89,73.44,B
anika.das600@gmail.com,Anika Das,STU100600,A,Female,20,Mathematics,13.4,71.76,47.79,57.45,65.12,56.57,48.12,60.82,57.88,C
sara.singh601@gmail.com,Sara Singh,STU100601,D,Female,18,Engineering,23.4,81.75,65.76,74.29,75.2,56.45,72.13,78.66,72.01,B
vihaan.sharma602@gmail.com,Vihaan Sharma,STU100602,E,Female,22,Business,11.9,70.19,56.82,51.32,64.83,58.12,49.28,66.03,58.38,C
anika.verma603@gmail.com,Anika Verma,STU100603,A,Female,24,CS,16.6,74.57,56.17,70.93,62.11,70.28,62.85,71.66,66.62,C
reyansh.iyer604@gmail.com,Reyansh Iyer,STU100604,B,Female,24,Mathematics,22.6,85.55,63.25,63.93,69.42,68.79,59.1,75.52,68.18,C
ishita.verma605@gmail.com,Ishita Verma,STU100605,B,Female,22,CS,22.3,85.49,67.0,73.97,67.99,63.75,53.03,73.14,70.68,B
aadhya.singh606@gmail.com,Aadhya Singh,STU100606,A,Male,19,Mathematics,14.9,71.26,56.53,57.71,66.27,61.13,54.81,65.28,61.06,C
aditya.kumar607@gmail.com,Aditya Kumar,STU100607,C,Male,22,Mathematics,20.7,80.03,61.34,71.36,72.67,52.65,56.34,80.4,68.7,C
ishita.verma608@gmail.com,Ishita Verma,STU100608,A,Female,19,Engineering,17.8,82.59,56.42,63.5,67.61,67.06,46.68,79.76,65.75,C
shaurya.patel609@gmail.com,Shaurya Patel,STU100609,B,Male,19,Business,6.9,72.04,49.91,47.52,51.89,54.81,48.69,67.08,53.85,D
krishna.roy610@gmail.com,Krishna Roy,STU100610,C,Female,19,Engineering,12.9,80.34,49.47,51.67,52.36,54.78,59.1,66.82,56.4,C
arjun.roy611@gmail.com,Arjun Roy,STU100611,A,Male,20,Engineering,16.9,78.84,61.6,65.39,69.64,67.48,47.2,78.45,67.22,C
ananya.singh612@gmail.com,Ananya Singh,STU100612,D,Male,23,Business,30.6,89.83,68.34,78.11,81.61,71.79,62.64,89.5,77.59,B
reyansh.das613@gmail.com,Reyansh Das,STU100613,B,Male,23,Engineering,25.3,83.65,59.39,70.57,76.83,67.66,69.84,82.62,71.46,B
vivaan.das614@gmail.com,Vivaan Das,STU100614,D,Male,17,CS,21.4,81.54,54.42,72.6,74.64,73.03,56.6,74.34,69.58,C
arjun.das615@gmail.com,Arjun Das,STU100615,A,Female,18,Business,19.0,83.79,62.9,60.56,69.91,61.87,58.31,82.85,67.0,C
ishaan.gupta616@gmail.com,Ishaan Gupta,STU100616,A,Male,17,Business,19.3,81.44,57.08,60.45,68.52,59.89,49.69,71.51,63.6,C
diya.gupta617@gmail.com,Diya Gupta,STU100617,E,Male,20,Business,27.9,89.83,74.36,76.26,76.78,64.19,50.33,87.77,75.96,B
navya.singh618@gmail.com,Navya Singh,STU100618,B,Female,23,CS,15.0,75.98,52.16,64.05,66.14,61.03,40.0,70.07,62.27,C
navya.chatterjee619@gmail.com,Navya Chatterjee,STU100619,C,Female,23,Mathematics,17.7,79.24,55.57,70.33,70.54,67.1,42.13,76.31,67.17,C
anika.das620@gmail.com,Anika Das,STU100620,B,Male,17,CS,22.9,88.57,60.69,69.02,78.97,70.16,61.57,74.19,71.06,B
reyansh.roy621@gmail.com,Reyansh Roy,STU100621,A,Male,18,Mathematics,22.9,82.93,66.94,65.52,68.37,62.2,58.81,78.39,68.59,C
aadhya.verma622@gmail.com,Aadhya Verma,STU100622,B,Female,20,Engineering,13.1,70.1,45.28,66.51,62.36,53.9,57.31,70.04,60.63,C
ishaan.sharma623@gmail.com,Ishaan Sharma,STU100623,D,Female,22,CS,24.7,77.93,68.36,69.78,79.98,70.21,58.74,82.36,72.59,B
sai.das624@gmail.com,Sai Das,STU100624,D,Female,23,Engineering,21.4,81.11,65.54,68.04,71.46,56.13,57.6,80.96,68.94,C
anika.verma625@gmail.com,Anika Verma,STU100625,D,Male,22,Mathematics,14.5,72.61,49.74,65.41,58.9,61.91,43.56,72.6,61.3,C
arjun.chatterjee626@gmail.com,Arjun Chatterjee,STU100626,B,Female,21,Engineering,20.7,75.44,57.45,66.73,63.49,47.77,55.27,81.55,64.27,C
krishna.singh627@gmail.com,Krishna Singh,STU100627,D,Male,21,Business,25.6,86.39,54.32,66.67,71.06,71.77,59.47,86.14,68.93,C
krishna.verma628@gmail.com,Krishna Verma,STU100628,B,Female,20,CS,21.7,78.26,72.0,71.32,67.0,64.81,61.08,82.0,71.41,B
vivaan.sharma629@gmail.com,Vivaan Sharma,STU100629,D,Male,19,Engineering,26.8,83.13,53.6,71.59,77.86,75.87,60.85,87.29,71.55,B
myra.das630@gmail.com,Myra Das,STU100630,D,Female,24,Mathematics,15.1,76.31,55.71,66.7,65.01,61.52,58.02,70.95,64.68,C
riya.sharma631@gmail.com,Riya Sharma,STU100631,C,Female,23,Mathematics,27.5,88.64,64.49,70.0,76.3,73.48,63.86,91.86,73.93,B
vihaan.gupta632@gmail.com,Vihaan Gupta,STU100632,C,Female,21,Mathematics,30.5,91.34,74.78,81.89,77.71,74.23,55.43,90.8,79.59,B
myra.singh633@gmail.com,Myra Singh,STU100633,D,Male,19,Mathematics,19.2,78.96,60.15,68.42,66.71,53.85,55.14,73.54,65.95,C
vivaan.patel634@gmail.com,Vivaan Patel,STU100634,E,Female,19,Engineering,23.6,85.41,78.87,67.03,69.9,66.42,48.83,85.67,72.56,B
myra.kumar635@gmail.com,Myra Kumar,STU100635,D,Female,22,Engineering,28.8,91.63,71.94,75.86,78.31,75.02,55.31,84.46,76.77,B
shaurya.roy636@gmail.com,Shaurya Roy,STU100636,A,Female,20,Engineering,23.0,84.18,60.42,72.24,62.86,60.64,55.98,78.92,68.36,C
ishita.chatterjee637@gmail.com,Ishita Chatterjee,STU100637,E,Female,19,CS,14.5,75.68,57.23,66.45,60.67,57.29,55.28,70.89,63.63,C
myra.sharma638@gmail.com,Myra Sharma,STU100638,C,Male,24,CS,12.6,78.71,55.08,66.21,70.05,48.98,47.26,66.28,63.15,C
ishita.patel639@gmail.com,Ishita Patel,STU100639,C,Female,21,CS,10.6,69.52,54.94,59.22,59.67,55.32,40.71,63.63,58.59,C
sai.patel640@gmail.com,Sai Patel,STU100640,C,Male,20,Mathematics,12.0,73.89,49.01,60.12,68.81,60.71,45.05,68.24,60.69,C
aditya.sharma641@gmail.com,Aditya Sharma,STU100641,E,Female,21,Engineering,27.9,86.36,65.93,73.68,76.68,74.89,46.36,84.22,73.66,B
ishita.gupta642@gmail.com,Ishita Gupta,STU100642,C,Male,24,Engineering,14.8,69.5,56.47,60.99,63.22,48.35,41.28,75.56,60.48,C
ishita.singh643@gmail.com,Ishita Singh,STU100643,C,Female,22,CS,8.4,73.11,52.55,55.46,55.5,47.57,47.62,70.0,56.92,C
ananya.singh644@gmail.com,Ananya Singh,STU100644,D,Female,22,Business,22.3,85.76,77.31,72.21,72.12,65.11,63.04,76.28,73.81,B
riya.iyer645@gmail.com,Riya Iyer,STU100645,B,Male,20,Mathematics,29.1,86.38,59.2,79.99,74.86,66.66,65.69,89.01,74.56,B
diya.sharma646@gmail.com,Diya Sharma,STU100646,A,Female,21,Mathematics,11.6,64.54,48.89,65.58,59.22,60.48,55.59,72.61,60.88,C
anika.gupta647@gmail.com,Anika Gupta,STU100647,A,Female,18,Engineering,15.5,74.84,51.86,59.73,66.27,55.77,41.37,74.43,60.8,C
navya.patel648@gmail.com,Navya Patel,STU100648,B,Female,18,Business,18.9,81.07,65.06,56.52,66.75,64.14,48.74,74.22,64.36,C
aadhya.singh649@gmail.com,Aadhya Singh,STU100649,E,Female,19,CS,29.0,86.92,67.51,67.88,83.07,65.06,52.8,85.52,72.72,B
sara.das650@gmail.com,Sara Das,STU100650,A,Male,24,Engineering,22.5,84.53,63.98,72.17,69.27,64.86,58.63,77.57,70.46,B
navya.das651@gmail.com,Navya Das,STU100651,B,Female,24,Business,15.5,75.15,56.39,65.04,68.71,58.17,42.95,70.09,63.59,C
ira.kumar652@gmail.com,Ira Kumar,STU100652,D,Male,21,CS,34.7,100.0,64.12,71.02,78.56,73.3,70.44,85.38,75.3,B
myra.kumar653@gmail.com,Myra Kumar,STU100653,E,Female,19,Business,18.4,76.21,52.35,67.43,68.86,58.04,60.76,75.42,65.04,C
anika.patel654@gmail.com,Anika Patel,STU100654,A,Male,20,Business,10.0,67.64,54.42,50.95,60.15,54.0,59.29,63.54,56.68,C
ananya.chatterjee655@gmail.com,Ananya Chatterjee,STU100655,B,Male,24,Engineering,26.1,87.86,69.14,72.77,81.67,68.95,58.25,76.96,74.2,B
aadhya.sharma656@gmail.com,Aadhya Sharma,STU100656,D,Female,17,Mathematics,18.8,83.29,56.53,66.04,70.86,63.23,59.51,71.16,66.49,C
aarav.roy657@gmail.com,Aarav Roy,STU100657,B,Female,22,Mathematics,11.7,68.24,54.77,52.65,60.48,57.08,53.55,66.8,57.71,C
ira.gupta658@gmail.com,Ira Gupta,STU100658,A,Female,24,CS,12.4,76.0,63.0,69.34,68.36,55.51,52.39,66.51,66.08,C
vivaan.roy659@gmail.com,Vivaan Roy,STU100659,E,Female,24,Engineering,16.3,73.37,62.95,73.31,64.74,57.82,58.08,76.4,67.96,C
krishna.sharma660@gmail.com,Krishna Sharma,STU100660,C,Male,23,CS,22.9,81.95,60.89,70.29,68.73,69.99,60.62,78.5,69.65,C
sara.iyer661@gmail.com,Sara Iyer,STU100661,E,Male,20,Business,16.4,79.37,59.99,63.17,66.52,59.45,50.49,82.5,65.58,C
sai.verma662@gmail.com,Sai Verma,STU100662,E,Male,19,Business,12.5,73.08,44.48,62.29,67.7,57.32,48.96,67.85,60.01,C
krishna.verma663@gmail.com,Krishna Verma,STU100663,B,Male,17,Engineering,18.3,77.57,54.08,57.3,70.19,60.5,51.92,76.96,62.63,C
anika.gupta664@gmail.com,Anika Gupta,STU100664,A,Male,19,Mathematics,26.1,89.12,55.96,70.44,78.72,73.26,61.42,78.62,71.3,B
anika.patel665@gmail.com,Anika Patel,STU100665,E,Male,20,CS,20.2,77.25,58.49,66.22,73.95,67.0,52.47,75.15,67.22,C
ishita.kumar666@gmail.com,Ishita Kumar,STU100666,C,Male,17,CS,5.0,68.61,45.81,51.83,55.79,47.57,40.0,61.63,52.86,D
ishita.gupta667@gmail.com,Ishita Gupta,STU100667,C,Female,18,Mathematics,17.9,72.05,56.88,63.28,69.41,61.69,52.84,76.98,64.49,C
vivaan.chatterjee668@gmail.com,Vivaan Chatterjee,STU100668,A,Female,22,Mathematics,20.3,81.52,52.28,70.0,75.1,62.42,60.04,71.08,67.22,C
ira.patel669@gmail.com,Ira Patel,STU100669,D,Female,24,CS,27.9,90.67,59.5,80.77,79.4,71.44,56.4,86.43,75.71,B
arjun.roy670@gmail.com,Arjun Roy,STU100670,B,Male,20,Business,22.4,82.79,57.36,71.99,61.57,61.66,71.08,79.24,68.23,C
aditya.patel671@gmail.com,Aditya Patel,STU100671,E,Female,19,Engineering,17.7,75.75,57.08,60.72,67.99,63.71,52.97,70.07,63.43,C
sara.verma672@gmail.com,Sara Verma,STU100672,A,Female,24,Mathematics,23.9,86.16,68.4,60.84,78.97,71.6,55.07,87.44,71.05,B
vivaan.gupta673@gmail.com,Vivaan Gupta,STU100673,A,Male,19,CS,17.0,79.04,58.84,58.02,65.83,54.17,51.84,70.3,61.99,C
sai.gupta674@gmail.com,Sai Gupta,STU100674,C,Female,20,Engineering,14.0,75.38,53.14,55.71,63.19,59.4,54.38,79.74,60.99,C
ishita.patel675@gmail.com,Ishita Patel,STU100675,E,Male,24,CS,19.8,85.83,53.27,71.84,63.8,64.24,54.66,78.65,67.38,C
aditya.roy676@gmail.com,Aditya Roy,STU100676,B,Male,17,Mathematics,20.5,78.43,55.5,69.71,72.0,59.35,47.57,77.11,66.68,C
vivaan.verma677@gmail.com,Vivaan Verma,STU100677,A,Female,24,Business,27.0,88.3,65.08,80.06,75.34,77.3,48.24,88.87,76.2,B
vihaan.verma678@gmail.com,Vihaan Verma,STU100678,D,Male,20,Engineering,23.8,79.88,58.12,69.43,69.17,64.26,61.64,78.47,68.17,C
vivaan.verma679@gmail.com,Vivaan Verma,STU100679,E,Male,24,Business,18.1,75.78,56.34,67.3,64.66,69.54,49.16,75.32,65.68,C
sara.roy680@gmail.com,Sara Roy,STU100680,A,Male,17,Engineering,18.5,80.46,60.56,70.26,76.26,64.72,49.2,77.11,69.32,C
aditya.iyer681@gmail.com,Aditya Iyer,STU100681,B,Male,18,Engineering,21.8,76.25,59.63,64.78,73.16,55.81,55.87,81.67,66.5,C
ishita.iyer682@gmail.com,Ishita Iyer,STU100682,A,Female,20,Engineering,23.0,80.38,56.57,71.49,75.11,64.14,57.69,84.6,69.82,C
reyansh.verma683@gmail.com,Reyansh Verma,STU100683,B,Female,21,CS,24.3,84.72,66.07,73.13,78.0,70.2,60.35,78.55,73.22,B
reyansh.verma684@gmail.com,Reyansh Verma,STU100684,E,Female,18,Engineering,16.5,73.25,54.13,70.18,70.73,63.51,46.62,79.73,66.47,C
navya.kumar685@gmail.com,Navya Kumar,STU100685,E,Female,23,Business,10.1,73.52,59.46,52.52,60.73,55.91,54.04,70.15,59.42,C
sai.chatterjee686@gmail.com,Sai Chatterjee,STU100686,C,Female,19,CS,18.3,83.14,59.14,59.54,68.64,47.77,53.03,79.95,63.72,C
ishaan.kumar687@gmail.com,Ishaan Kumar,STU100687,E,Male,20,Engineering,21.8,73.31,55.24,64.22,69.1,65.91,46.9,74.33,64.38,C
reyansh.chatterjee688@gmail.com,Reyansh Chatterjee,STU100688,B,Female,22,CS,16.1,78.22,51.58,63.87,69.01,57.31,54.79,75.51,63.67,C
anika.patel689@gmail.com,Anika Patel,STU100689,D,Female,22,CS,16.4,74.99,62.93,68.16,61.61,63.59,56.2,74.0,66.34,C
myra.patel690@gmail.com,Myra Patel,STU100690,B,Female,18,Mathematics,14.2,77.81,53.02,58.6,65.44,61.63,56.87,67.89,61.58,C
anika.roy691@gmail.com,Anika Roy,STU100691,E,Female,23,Business,18.9,83.11,61.07,60.61,70.25,66.63,54.03,79.58,66.57,C
ira.iyer692@gmail.com,Ira Iyer,STU100692,A,Female,17,CS,18.0,81.94,63.67,59.25,68.95,64.0,58.38,73.67,65.73,C
anika.singh693@gmail.com,Anika Singh,STU100693,A,Male,24,CS,13.9,77.25,54.25,73.96,61.51,60.87,53.69,70.17,65.78,C
ira.sharma694@gmail.com,Ira Sharma,STU100694,C,Female,21,Business,26.0,87.5,65.65,65.29,77.65,67.93,58.7,90.59,71.9,B
diya.sharma695@gmail.com,Diya Sharma,STU100695,B,Male,23,CS,21.7,82.36,60.75,69.35,74.39,68.65,40.99,83.12,69.57,C
ishaan.chatterjee696@gmail.com,Ishaan Chatterjee,STU100696,B,Female,23,Mathematics,15.3,71.42,48.98,65.21,65.15,55.38,46.49,64.62,60.6,C
ishaan.verma697@gmail.com,Ishaan Verma,STU100697,E,Female,19,Engineering,17.5,81.26,58.88,66.88,68.71,60.95,41.63,78.18,66.27,C
ishita.das698@gmail.com,Ishita Das,STU100698,B,Female,22,Engineering,16.8,76.64,53.9,73.33,63.59,57.23,58.91,74.11,66.06,C
myra.singh699@gmail.com,Myra Singh,STU100699,B,Male,22,Business,24.4,83.3,69.33,75.71,70.02,63.73,53.12,88.28,73.27,B
myra.verma700@gmail.com,Myra Verma,STU100700,D,Male,22,Engineering,18.5,78.12,55.49,71.59,65.83,63.04,55.92,75.07,66.87,C
shaurya.gupta701@gmail.com,Shaurya Gupta,STU100701,C,Female,24,CS,11.7,69.78,48.58,59.09,63.31,63.09,49.55,64.68,59.17,C
diya.gupta702@gmail.com,Diya Gupta,STU100702,B,Female,19,Mathematics,18.1,81.37,47.14,69.97,68.88,63.83,55.85,72.89,65.35,C
vihaan.verma703@gmail.com,Vihaan Verma,STU100703,E,Female,18,Engineering,26.5,85.29,68.83,72.52,78.11,63.04,50.2,86.07,73.19,B
aadhya.singh704@gmail.com,Aadhya Singh,STU100704,C,Female,17,CS,16.5,79.44,54.27,55.05,65.69,63.21,60.21,74.97,61.99,C
sai.patel705@gmail.com,Sai Patel,STU100705,A,Female,22,CS,13.2,76.47,46.72,56.14,60.9,57.58,47.74,65.81,57.7,C
vivaan.kumar706@gmail.com,Vivaan Kumar,STU100706,A,Male,20,CS,19.5,80.68,66.55,70.24,72.25,60.83,52.64,72.02,69.2,C
ishaan.das707@gmail.com,Ishaan Das,STU100707,C,Female,20,Business,20.9,74.18,71.61,72.26,73.05,70.14,65.29,83.34,72.99,B
aadhya.chatterjee708@gmail.com,Aadhya Chatterjee,STU100708,E,Male,20,Engineering,9.5,68.47,52.03,55.05,55.05,50.25,46.54,63.87,55.77,C
aditya.singh709@gmail.com,Aditya Singh,STU100709,C,Female,24,Business,17.3,75.72,53.93,56.0,66.13,68.05,50.42,73.44,61.75,C
ananya.das710@gmail.com,Ananya Das,STU100710,B,Male,20,CS,18.9,81.34,54.75,62.34,63.41,62.89,48.11,84.17,64.41,C
krishna.sharma711@gmail.com,Krishna Sharma,STU100711,D,Female,21,CS,17.6,78.82,52.95,75.19,69.61,59.77,58.74,70.18,67.4,C
shaurya.patel712@gmail.com,Shaurya Patel,STU100712,A,Male,18,CS,18.4,81.48,48.6,70.41,66.8,58.3,60.61,69.31,64.8,C
shaurya.patel713@gmail.com,Shaurya Patel,STU100713,B,Male,22,Mathematics,5.0,60.0,40.59,56.18,53.17,47.68,40.08,60.12,51.73,D
aarav.patel714@gmail.com,Aarav Patel,STU100714,E,Male,20,CS,19.9,83.84,59.66,67.8,66.38,66.69,70.43,74.78,68.28,C
sai.patel715@gmail.com,Sai Patel,STU100715,E,Female,19,Business,21.1,81.84,55.54,70.27,66.72,63.85,57.04,79.7,67.59,C
aarav.verma716@gmail.com,Aarav Verma,STU100716,D,Female,23,Mathematics,15.6,76.38,62.5,66.16,69.89,51.63,47.02,73.24,65.31,C
ishaan.singh717@gmail.com,Ishaan Singh,STU100717,C,Female,21,Mathematics,31.8,92.33,69.04,85.47,76.81,73.05,56.41,96.69,80.0,B
sara.verma718@gmail.com,Sara Verma,STU100718,D,Female,22,Engineering,20.9,80.69,61.41,61.24,67.37,57.87,50.58,82.29,65.37,C
diya.verma719@gmail.com,Diya Verma,STU100719,A,Female,21,Business,14.0,82.0,51.66,68.48,64.61,59.79,52.19,64.3,63.79,C
navya.chatterjee720@gmail.com,Navya Chatterjee,STU100720,D,Female,24,CS,20.5,78.04,63.9,65.94,62.97,65.43,55.82,79.81,67.13,C
aadhya.kumar721@gmail.com,Aadhya Kumar,STU100721,C,Female,22,Engineering,5.0,69.65,51.71,45.0,53.2,45.0,45.44,64.16,51.98,D
vihaan.das722@gmail.com,Vihaan Das,STU100722,D,Female,22,Business,9.3,73.15,51.73,48.07,60.6,53.37,40.0,66.06,55.12,C
myra.das723@gmail.com,Myra Das,STU100723,A,Male,23,Mathematics,13.3,70.91,44.72,55.73,66.12,57.19,40.0,65.69,56.96,C
myra.iyer724@gmail.com,Myra Iyer,STU100724,B,Female,23,Mathematics,20.2,80.58,56.8,65.09,68.29,65.66,61.77,75.26,66.37,C
vivaan.kumar725@gmail.com,Vivaan Kumar,STU100725,E,Male,21,CS,21.9,81.22,63.83,74.11,72.28,57.98,52.54,74.71,69.86,C
ananya.sharma726@gmail.com,Ananya Sharma,STU100726,D,Male,21,Business,22.9,82.21,66.66,68.96,69.56,68.09,61.99,81.17,70.7,B
riya.iyer727@gmail.com,Riya Iyer,STU100727,B,Female,19,Engineering,26.9,83.23,66.09,76.64,78.48,74.25,54.13,76.54,74.09,B
vihaan.das728@gmail.com,Vihaan Das,STU100728,E,Female,24,Business,19.1,77.41,63.23,65.44,70.74,65.32,51.97,77.98,67.56,C
anika.iyer729@gmail.com,Anika Iyer,STU100729,C,Male,21,Mathematics,19.9,81.25,65.29,70.27,68.3,61.72,42.56,69.03,67.71,C
riya.sharma730@gmail.com,Riya Sharma,STU100730,E,Male,24,Business,13.1,69.05,53.64,56.13,66.93,49.51,43.63,71.51,58.8,C
ishita.das731@gmail.com,Ishita Das,STU100731,B,Female,24,Engineering,17.0,76.91,55.64,67.88,66.09,75.43,45.94,76.25,66.56,C
vihaan.roy732@gmail.com,Vihaan Roy,STU100732,A,Male,19,Business,18.6,79.69,62.08,73.23,67.1,65.43,54.37,74.71,69.15,C
navya.gupta733@gmail.com,Navya Gupta,STU100733,E,Male,22,Mathematics,18.2,71.29,61.5,75.41,71.68,62.27,58.52,76.63,69.62,C
aadhya.verma734@gmail.com,Aadhya Verma,STU100734,C,Male,17,CS,32.0,89.5,71.85,85.55,79.12,73.53,57.18,87.29,79.8,B
ishaan.verma735@gmail.com,Ishaan Verma,STU100735,E,Male,19,CS,11.0,68.48,54.86,65.11,67.85,60.87,46.96,69.48,62.91,C
arjun.singh736@gmail.com,Arjun Singh,STU100736,D,Female,22,Engineering,22.4,87.17,58.55,70.53,72.28,57.25,68.58,77.65,69.35,C
diya.singh737@gmail.com,Diya Singh,STU100737,A,Female,20,Engineering,13.8,74.17,48.18,64.91,63.39,61.38,50.05,69.34,61.61,C
ishita.chatterjee738@gmail.com,Ishita Chatterjee,STU100738,D,Male,20,Engineering,11.0,66.02,50.0,50.03,62.01,50.57,51.6,67.25,55.27,C
krishna.verma739@gmail.com,Krishna Verma,STU100739,E,Female,22,CS,5.7,61.6,51.13,54.93,58.96,53.64,46.07,58.56,55.23,C
myra.das740@gmail.com,Myra Das,STU100740,E,Male,18,Engineering,27.5,86.48,68.78,59.37,75.04,65.13,60.7,80.1,69.03,C
ananya.patel741@gmail.com,Ananya Patel,STU100741,B,Male,24,CS,24.6,86.83,67.61,71.56,76.07,64.9,60.89,83.29,72.95,B
aadhya.verma742@gmail.com,Aadhya Verma,STU100742,E,Female,22,Engineering,20.6,77.99,60.45,68.09,63.46,56.18,40.0,81.11,65.57,C
ishita.das743@gmail.com,Ishita Das,STU100743,D,Female,24,Business,22.8,81.87,66.07,76.21,69.89,68.53,52.57,86.27,72.86,B
vihaan.verma744@gmail.com,Vihaan Verma,STU100744,A,Female,23,Business,17.9,79.43,51.51,71.55,70.22,60.08,49.45,75.27,66.25,C
ira.roy745@gmail.com,Ira Roy,STU100745,B,Male,20,Mathematics,26.5,90.2,70.69,90.7,73.6,65.38,52.93,86.86,79.28,B
ananya.kumar746@gmail.com,Ananya Kumar,STU100746,B,Male,23,Mathematics,6.8,64.61,52.53,51.46,53.95,51.22,45.11,61.89,54.07,D
arjun.iyer747@gmail.com,Arjun Iyer,STU100747,D,Male,20,Business,19.2,82.01,53.33,74.6,65.87,61.48,57.07,76.32,67.76,C
vivaan.sharma748@gmail.com,Vivaan Sharma,STU100748,D,Male,20,CS,31.2,93.3,68.27,80.22,78.38,77.75,59.2,87.3,78.27,B
riya.roy749@gmail.com,Riya Roy,STU100749,C,Female,21,Business,29.3,92.28,63.12,79.24,76.63,69.97,65.39,90.67,76.45,B
ishaan.das750@gmail.com,Ishaan Das,STU100750,E,Male,21,Business,17.2,77.26,60.72,68.32,61.06,58.96,47.04,68.95,64.67,C
ishaan.gupta751@gmail.com,Ishaan Gupta,STU100751,A,Female,18,Mathematics,17.3,73.79,49.56,63.26,67.49,61.93,46.09,75.98,62.49,C
arjun.das752@gmail.com,Arjun Das,STU100752,D,Female,21,CS,27.9,85.79,70.45,80.51,81.04,77.83,65.95,77.24,77.78,B
shaurya.sharma753@gmail.com,Shaurya Sharma,STU100753,C,Male,17,Business,26.2,84.91,68.76,77.77,79.5,63.69,67.68,80.37,75.29,B
navya.kumar754@gmail.com,Navya Kumar,STU100754,E,Female,17,Business,29.9,86.27,68.16,75.02,74.49,77.52,65.06,88.09,75.75,B
navya.roy755@gmail.com,Navya Roy,STU100755,B,Male,17,CS,19.2,78.14,58.02,62.39,71.84,66.28,52.45,70.9,65.25,C
anika.kumar756@gmail.com,Anika Kumar,STU100756,E,Female,17,Engineering,17.8,72.91,60.78,68.53,63.8,66.37,47.8,76.88,66.29,C
sara.sharma757@gmail.com,Sara Sharma,STU100757,D,Male,17,Mathematics,22.0,86.41,58.92,74.0,73.75,61.57,41.73,81.44,70.08,B
navya.singh758@gmail.com,Navya Singh,STU100758,B,Male,23,Engineering,22.7,81.89,61.43,65.01,73.47,61.05,51.99,83.22,68.03,C
arjun.chatterjee759@gmail.com,Arjun Chatterjee,STU100759,B,Female,22,CS,23.7,77.44,63.16,71.09,71.3,69.88,62.28,78.08,70.31,B
ishaan.gupta760@gmail.com,Ishaan Gupta,STU100760,D,Female,24,Business,34.7,94.76,73.41,88.72,88.95,82.96,69.47,89.09,84.8,B
ishita.patel761@gmail.com,Ishita Patel,STU100761,D,Female,20,Engineering,14.6,66.06,57.95,65.49,60.27,52.01,45.88,68.6,61.24,C
riya.iyer762@gmail.com,Riya Iyer,STU100762,C,Male,22,Mathematics,36.7,94.56,80.1,86.73,89.08,76.97,61.42,90.56,84.68,B
arjun.verma763@gmail.com,Arjun Verma,STU100763,E,Male,24,Engineering,16.4,73.13,59.82,66.76,66.22,56.75,40.0,73.98,64.31,C
reyansh.verma764@gmail.com,Reyansh Verma,STU100764,A,Female,23,Business,22.8,79.27,64.11,78.23,72.21,66.22,56.14,85.05,72.98,B
sara.kumar765@gmail.com,Sara Kumar,STU100765,D,Male,20,CS,21.3,76.41,64.48,63.25,76.47,70.71,60.36,79.74,69.05,C
ananya.roy766@gmail.com,Ananya Roy,STU100766,B,Male,19,CS,25.1,86.39,68.05,75.54,74.16,59.71,52.18,87.48,73.36,B
ananya.verma767@gmail.com,Ananya Verma,STU100767,E,Male,19,CS,25.3,88.37,71.47,73.16,74.19,61.79,60.04,79.74,73.36,B
diya.gupta768@gmail.com,Diya Gupta,STU100768,C,Female,22,Business,27.7,88.1,61.17,75.05,85.42,64.46,62.41,82.97,74.24,B
vihaan.chatterjee769@gmail.com,Vihaan Chatterjee,STU100769,D,Male,18,Business,19.8,78.99,61.45,62.59,62.84,69.19,68.55,76.62,66.4,C
vivaan.chatterjee770@gmail.com,Vivaan Chatterjee,STU100770,D,Male,22,Engineering,20.4,80.61,56.83,68.87,72.26,67.2,52.16,81.62,68.42,C
navya.singh771@gmail.com,Navya Singh,STU100771,C,Female,24,CS,8.2,64.85,40.0,56.67,60.19,52.08,49.94,63.89,54.61,D
aditya.kumar772@gmail.com,Aditya Kumar,STU100772,D,Male,18,Business,20.6,85.97,63.78,71.04,67.49,55.71,57.39,80.78,69.31,C
ishita.iyer773@gmail.com,Ishita Iyer,STU100773,A,Female,19,Mathematics,21.3,81.57,74.18,70.81,69.04,60.26,57.69,79.65,71.47,B
shaurya.iyer774@gmail.com,Shaurya Iyer,STU100774,D,Female,18,Business,24.6,88.75,64.56,74.79,74.22,67.45,46.83,84.46,72.89,B
diya.gupta775@gmail.com,Diya Gupta,STU100775,B,Female,20,Mathematics,19.8,77.46,53.51,66.69,75.73,63.72,54.52,77.25,66.64,C
ira.verma776@gmail.com,Ira Verma,STU100776,D,Male,24,Mathematics,31.5,83.65,60.62,75.92,84.17,75.87,58.09,86.14,75.0,B
shaurya.singh777@gmail.com,Shaurya Singh,STU100777,C,Male,18,Mathematics,28.1,88.49,68.37,72.3,76.49,62.72,66.17,83.28,73.59,B
ira.das778@gmail.com,Ira Das,STU100778,E,Female,20,Mathematics,24.2,84.59,62.07,71.0,72.93,68.07,59.52,76.14,70.51,B
aditya.verma779@gmail.com,Aditya Verma,STU100779,B,Female,18,CS,12.2,76.78,58.87,61.47,59.57,53.74,59.08,67.88,61.94,C
riya.kumar780@gmail.com,Riya Kumar,STU100780,A,Female,21,Engineering,12.7,72.22,59.12,61.33,64.2,58.42,50.05,68.49,62.27,C
sara.roy781@gmail.com,Sara Roy,STU100781,A,Female,24,Mathematics,22.9,84.46,62.2,69.25,72.27,74.17,58.29,81.9,71.02,B
diya.das782@gmail.com,Diya Das,STU100782,C,Male,20,CS,28.0,92.34,72.7,67.57,74.14,72.67,60.51,89.61,74.42,B
sai.kumar783@gmail.com,Sai Kumar,STU100783,A,Male,22,Mathematics,17.6,77.22,50.9,64.45,69.96,57.75,46.23,74.67,63.28,C
ishita.patel784@gmail.com,Ishita Patel,STU100784,E,Female,23,Mathematics,20.0,83.76,67.17,73.29,66.76,60.21,43.12,71.86,69.17,C
vivaan.patel785@gmail.com,Vivaan Patel,STU100785,E,Female,21,CS,12.1,71.47,55.18,56.28,60.43,56.49,54.03,59.58,58.44,C
aadhya.sharma786@gmail.com,Aadhya Sharma,STU100786,B,Male,17,Engineering,17.1,75.14,48.17,63.6,67.24,61.49,53.54,81.75,63.31,C
navya.verma787@gmail.com,Navya Verma,STU100787,D,Male,18,CS,24.1,80.66,68.68,69.97,77.04,62.63,58.23,81.34,71.66,B
vivaan.patel788@gmail.com,Vivaan Patel,STU100788,C,Female,18,Mathematics,17.3,79.37,57.42,58.54,69.36,65.11,50.37,72.67,63.68,C
navya.kumar789@gmail.com,Navya Kumar,STU100789,B,Female,22,Engineering,11.1,69.98,46.53,65.1,55.27,51.94,61.02,72.41,59.61,C
sara.das790@gmail.com,Sara Das,STU100790,C,Female,17,Mathematics,23.4,77.76,66.67,73.84,80.22,72.88,48.38,83.15,73.32,B
aarav.roy791@gmail.com,Aarav Roy,STU100791,C,Female,19,Engineering,13.8,75.05,50.43,61.04,62.62,61.08,56.63,69.98,61.23,C
myra.sharma792@gmail.com,Myra Sharma,STU100792,D,Female,18,Engineering,20.3,82.21,65.55,71.58,66.49,62.1,53.44,85.48,70.21,B
aditya.singh793@gmail.com,Aditya Singh,STU100793,D,Male,22,Business,25.9,85.54,65.57,72.31,76.49,76.83,57.57,84.59,73.85,B
aadhya.sharma794@gmail.com,Aadhya Sharma,STU100794,E,Male,24,CS,24.3,81.49,64.93,72.0,75.75,62.92,53.46,84.38,71.5,B
krishna.das795@gmail.com,Krishna Das,STU100795,D,Female,19,Mathematics,14.8,76.77,52.69,59.29,62.64,61.95,40.0,67.09,60.3,C
myra.gupta796@gmail.com,Myra Gupta,STU100796,E,Female,23,CS,22.9,87.49,64.85,71.79,74.83,59.34,62.69,81.46,71.7,B
riya.iyer797@gmail.com,Riya Iyer,STU100797,B,Female,19,Business,12.7,71.43,48.73,59.42,63.98,56.58,55.83,70.35,59.8,C
vivaan.chatterjee798@gmail.com,Vivaan Chatterjee,STU100798,C,Male,21,CS,15.8,78.1,61.71,53.06,66.37,63.16,54.48,74.11,62.48,C
reyansh.kumar799@gmail.com,Reyansh Kumar,STU100799,D,Female,23,Business,13.5,76.11,56.43,59.52,64.43,54.18,47.01,76.9,61.87,C
myra.das800@gmail.com,Myra Das,STU100800,D,Male,22,Business,25.2,86.91,51.42,76.35,81.45,69.92,60.07,84.73,72.56,B
anika.roy801@gmail.com,Anika Roy,STU100801,E,Male,23,Engineering,28.9,91.83,66.22,79.01,79.57,74.52,53.33,87.81,76.96,B
sai.chatterjee802@gmail.com,Sai Chatterjee,STU100802,E,Male,24,Engineering,23.7,90.66,62.4,70.31,71.57,69.83,64.19,84.67,72.03,B
aditya.verma803@gmail.com,Aditya Verma,STU100803,E,Female,19,CS,14.8,80.34,53.64,61.27,65.67,56.13,42.36,73.63,62.09,C
vihaan.sharma804@gmail.com,Vihaan Sharma,STU100804,C,Female,18,Business,10.2,71.66,48.98,59.46,62.8,53.7,49.78,71.49,59.23,C
krishna.iyer805@gmail.com,Krishna Iyer,STU100805,B,Female,22,Mathematics,13.6,72.55,45.66,55.92,65.67,62.72,40.0,75.86,58.87,C
aarav.sharma806@gmail.com,Aarav Sharma,STU100806,B,Male,23,Mathematics,20.9,82.93,58.14,70.43,69.44,62.7,61.64,73.09,68.13,C
myra.kumar807@gmail.com,Myra Kumar,STU100807,B,Male,21,Mathematics,24.4,80.64,55.63,83.9,77.44,68.5,56.0,84.37,74.06,B
navya.singh808@gmail.com,Navya Singh,STU100808,E,Male,17,Mathematics,11.9,73.46,55.19,63.12,53.48,55.79,48.72,63.46,59.7,C
ira.iyer809@gmail.com,Ira Iyer,STU100809,E,Male,19,Mathematics,13.9,75.87,47.23,62.55,66.42,63.36,48.33,66.15,61.13,C
riya.kumar810@gmail.com,Riya Kumar,STU100810,B,Male,24,CS,9.7,68.44,55.35,52.66,59.09,47.03,52.45,67.69,56.67,C
navya.verma811@gmail.com,Navya Verma,STU100811,B,Male,17,Business,22.8,86.47,59.2,70.69,77.28,69.52,59.44,75.54,70.76,B
anika.gupta812@gmail.com,Anika Gupta,STU100812,D,Female,23,Business,14.2,76.15,55.23,53.73,66.05,61.18,66.31,63.9,60.51,C
ananya.roy813@gmail.com,Ananya Roy,STU100813,D,Male,19,CS,24.1,84.4,67.14,70.88,74.44,67.34,51.48,80.21,71.63,B
ira.roy814@gmail.com,Ira Roy,STU100814,E,Female,20,Engineering,19.0,75.19,56.41,65.54,73.1,62.64,59.75,76.67,66.35,C
myra.das815@gmail.com,Myra Das,STU100815,C,Male,18,CS,25.5,87.53,70.31,74.84,76.3,68.97,67.6,76.74,74.66,B
ishita.roy816@gmail.com,Ishita Roy,STU100816,D,Female,23,CS,20.0,84.53,66.78,66.42,64.8,62.47,46.75,78.39,67.88,C
krishna.roy817@gmail.com,Krishna Roy,STU100817,C,Female,18,Business,21.2,81.1,68.22,70.36,69.33,67.87,60.98,68.83,69.98,C
ishaan.chatterjee818@gmail.com,Ishaan Chatterjee,STU100818,A,Male,19,Mathematics,16.0,78.64,48.65,53.01,68.97,55.87,47.0,82.71,60.05,C
arjun.gupta819@gmail.com,Arjun Gupta,STU100819,E,Female,24,CS,22.3,84.31,57.81,69.62,70.77,68.67,66.71,74.83,69.18,C
arjun.sharma820@gmail.com,Arjun Sharma,STU100820,C,Male,24,Mathematics,13.2,75.85,49.15,67.16,62.27,64.61,50.95,72.45,63.16,C
diya.patel821@gmail.com,Diya Patel,STU100821,C,Female,24,Business,6.5,62.41,53.46,56.45,51.32,45.0,40.0,57.03,53.77,D
vivaan.sharma822@gmail.com,Vivaan Sharma,STU100822,A,Male,17,Mathematics,20.0,76.96,59.26,66.81,73.01,59.09,47.06,69.7,65.77,C
arjun.iyer823@gmail.com,Arjun Iyer,STU100823,B,Male,21,CS,15.0,72.71,59.8,63.42,73.55,52.83,43.22,79.78,64.71,C
aditya.das824@gmail.com,Aditya Das,STU100824,E,Male,19,Engineering,17.5,79.7,53.65,73.61,70.69,58.91,46.12,78.03,67.39,C
vihaan.roy825@gmail.com,Vihaan Roy,STU100825,C,Male,22,Business,27.3,88.51,65.51,70.61,71.47,74.6,59.44,88.43,73.13,B
sai.iyer826@gmail.com,Sai Iyer,STU100826,E,Female,17,CS,16.0,79.16,59.93,63.6,68.33,67.68,49.19,68.78,65.34,C
vivaan.iyer827@gmail.com,Vivaan Iyer,STU100827,D,Female,18,CS,27.0,85.7,68.51,70.25,76.38,73.87,61.3,79.63,73.22,B
sara.sharma828@gmail.com,Sara Sharma,STU100828,B,Female,22,Mathematics,17.4,81.11,52.06,56.61,68.46,58.19,50.38,73.63,61.48,C
vihaan.sharma829@gmail.com,Vihaan Sharma,STU100829,A,Male,18,Engineering,23.1,81.09,65.58,73.86,75.24,65.66,48.02,80.89,71.73,B
anika.gupta830@gmail.com,Anika Gupta,STU100830,B,Male,20,Mathematics,11.7,72.77,54.36,59.92,68.34,54.84,52.86,67.79,61.28,C
krishna.das831@gmail.com,Krishna Das,STU100831,B,Male,24,Business,15.9,79.01,56.78,52.45,63.74,60.06,58.12,73.91,60.85,C
ananya.verma832@gmail.com,Ananya Verma,STU100832,A,Male,17,Mathematics,7.1,66.56,47.81,58.65,55.18,53.31,44.74,64.04,56.06,C
anika.das833@gmail.com,Anika Das,STU100833,E,Female,24,CS,24.3,84.48,61.5,80.94,73.37,72.91,53.18,83.28,74.32,B
vihaan.patel834@gmail.com,Vihaan Patel,STU100834,E,Female,20,Engineering,10.0,68.35,45.53,61.8,60.11,57.58,52.79,68.34,58.73,C
sara.das835@gmail.com,Sara Das,STU100835,A,Female,20,CS,15.1,73.68,60.02,51.13,63.7,57.48,52.96,68.01,59.46,C
ishita.iyer836@gmail.com,Ishita Iyer,STU100836,B,Female,23,Mathematics,16.9,76.47,58.1,65.72,57.1,62.45,52.09,76.34,64.03,C
riya.kumar837@gmail.com,Riya Kumar,STU100837,C,Male,22,Business,22.1,85.06,61.5,74.03,69.72,54.14,61.36,84.48,70.4,B
ira.chatterjee838@gmail.com,Ira Chatterjee,STU100838,C,Female,19,Mathematics,16.9,77.99,56.58,61.66,71.21,56.9,44.72,80.77,64.3,C
myra.iyer839@gmail.com,Myra Iyer,STU100839,A,Female,24,Business,30.6,90.65,66.27,78.29,87.03,73.25,59.28,89.22,78.07,B
navya.kumar840@gmail.com,Navya Kumar,STU100840,E,Male,19,Engineering,21.3,84.22,54.01,72.6,66.31,63.13,58.44,74.09,67.59,C
sara.iyer841@gmail.com,Sara Iyer,STU100841,B,Male,19,Business,6.7,71.54,43.72,50.26,53.8,50.23,50.51,62.45,52.84,D
ananya.kumar842@gmail.com,Ananya Kumar,STU100842,C,Female,24,CS,26.9,87.38,71.17,79.73,80.25,68.77,50.86,86.11,76.96,B
anika.kumar843@gmail.com,Anika Kumar,STU100843,A,Male,21,CS,19.4,78.0,62.99,70.65,62.43,59.33,57.74,76.11,67.39,C
anika.verma844@gmail.com,Anika Verma,STU100844,E,Male,22,Business,21.4,79.97,57.31,70.63,72.52,66.92,53.88,86.57,69.57,C
reyansh.gupta845@gmail.com,Reyansh Gupta,STU100845,A,Male,22,Business,11.5,72.24,53.75,58.68,59.69,57.46,46.53,65.17,59.12,C
shaurya.gupta846@gmail.com,Shaurya Gupta,STU100846,C,Female,21,Mathematics,21.7,81.36,64.67,63.72,63.61,54.06,68.96,79.65,66.55,C
aditya.singh847@gmail.com,Aditya Singh,STU100847,D,Female,18,Engineering,26.6,79.09,66.98,70.52,78.39,79.18,61.01,77.72,72.96,B
ananya.verma848@gmail.com,Ananya Verma,STU100848,C,Male,20,CS,20.4,83.04,67.17,74.32,65.37,62.05,63.22,78.44,71.05,B
myra.gupta849@gmail.com,Myra Gupta,STU100849,A,Female,22,Business,29.6,93.28,68.06,76.4,85.63,75.63,66.83,85.9,78.2,B
ira.das850@gmail.com,Ira Das,STU100850,B,Female,23,Mathematics,24.3,76.91,62.45,66.43,71.0,65.51,60.48,81.36,68.47,C
riya.chatterjee851@gmail.com,Riya Chatterjee,STU100851,C,Male,21,Mathematics,16.8,74.2,56.73,65.03,72.14,55.68,68.32,78.75,65.95,C
anika.verma852@gmail.com,Anika Verma,STU100852,A,Female,17,CS,7.9,62.68,49.28,58.62,58.33,52.57,46.42,66.86,56.72,C
myra.roy853@gmail.com,Myra Roy,STU100853,D,Male,19,Mathematics,14.9,73.53,58.79,63.4,64.53,54.58,44.41,68.68,62.36,C
krishna.gupta854@gmail.com,Krishna Gupta,STU100854,C,Female,24,CS,13.7,67.74,50.78,60.08,61.69,61.5,57.12,72.24,60.44,C
anika.sharma855@gmail.com,Anika Sharma,STU100855,B,Male,17,Business,28.7,90.01,72.16,69.29,70.53,71.39,60.0,85.93,73.53,B
sai.patel856@gmail.com,Sai Patel,STU100856,E,Female,23,Business,24.5,82.89,61.57,68.14,67.04,67.87,65.83,90.12,70.19,B
myra.das857@gmail.com,Myra Das,STU100857,D,Female,20,Business,24.0,83.06,59.63,72.91,73.19,65.11,52.43,85.96,70.81,B
aadhya.singh858@gmail.com,Aadhya Singh,STU100858,E,Female,19,Business,17.3,69.13,57.43,62.35,69.6,58.93,43.82,75.74,63.2,C
arjun.roy859@gmail.com,Arjun Roy,STU100859,D,Male,20,Mathematics,33.7,94.65,70.82,77.68,82.42,81.58,64.76,92.53,79.95,B
shaurya.roy860@gmail.com,Shaurya Roy,STU100860,E,Female,18,Business,15.1,70.67,58.99,67.76,64.97,57.49,54.33,68.53,64.26,C
myra.iyer861@gmail.com,Myra Iyer,STU100861,C,Female,21,CS,12.9,69.68,61.96,58.74,64.5,55.91,45.25,69.63,61.47,C
vivaan.das862@gmail.com,Vivaan Das,STU100862,C,Male,21,Mathematics,21.8,85.47,65.0,66.2,75.27,67.25,55.93,77.4,69.96,C
vivaan.das863@gmail.com,Vivaan Das,STU100863,D,Female,19,Engineering,23.0,84.33,66.44,69.95,70.09,80.94,58.9,84.73,72.73,B
aditya.verma864@gmail.com,Aditya Verma,STU100864,B,Male,22,Engineering,25.9,81.46,77.64,75.21,80.21,61.79,59.44,78.39,75.26,B
aarav.das865@gmail.com,Aarav Das,STU100865,E,Male,19,CS,16.8,77.72,57.3,58.93,71.42,59.04,43.11,74.06,63.09,C
myra.chatterjee866@gmail.com,Myra Chatterjee,STU100866,E,Male,22,CS,19.5,75.62,59.1,66.32,70.87,63.8,60.63,82.42,67.56,C
aditya.gupta867@gmail.com,Aditya Gupta,STU100867,A,Female,18,CS,18.2,78.59,71.43,66.01,71.6,63.35,48.15,72.23,68.65,C
aadhya.sharma868@gmail.com,Aadhya Sharma,STU100868,A,Male,22,Mathematics,13.3,72.15,53.24,58.82,66.18,58.96,48.52,62.29,59.99,C
aadhya.chatterjee869@gmail.com,Aadhya Chatterjee,STU100869,E,Female,17,Mathematics,11.5,66.07,56.98,59.85,58.49,54.37,48.47,66.66,59.26,C
sai.roy870@gmail.com,Sai Roy,STU100870,E,Female,23,Mathematics,15.4,73.85,60.42,60.73,64.14,59.39,49.81,68.14,62.55,C
arjun.kumar871@gmail.com,Arjun Kumar,STU100871,B,Female,20,Engineering,13.9,72.0,53.35,65.74,60.25,60.95,45.04,80.96,63.07,C
ira.iyer872@gmail.com,Ira Iyer,STU100872,C,Female,18,Engineering,18.0,79.7,56.42,58.37,70.57,73.8,67.13,78.8,65.97,C
vihaan.roy873@gmail.com,Vihaan Roy,STU100873,C,Female,18,Business,15.5,76.82,55.81,57.3,66.94,64.29,50.49,73.14,62.34,C
aarav.das874@gmail.com,Aarav Das,STU100874,D,Female,19,Mathematics,28.8,85.95,66.36,72.19,77.51,76.7,60.69,84.71,74.32,B
diya.roy875@gmail.com,Diya Roy,STU100875,A,Male,24,Engineering,17.2,78.23,54.11,62.43,64.68,56.41,45.22,70.75,62.05,C
riya.roy876@gmail.com,Riya Roy,STU100876,D,Female,18,Business,15.2,77.22,47.47,59.38,72.08,57.55,52.15,72.93,61.5,C
ira.sharma877@gmail.com,Ira Sharma,STU100877,A,Male,21,Business,25.0,83.8,61.16,73.16,74.45,66.21,61.31,85.07,71.92,B
krishna.chatterjee878@gmail.com,Krishna Chatterjee,STU100878,A,Male,24,CS,17.1,79.0,59.56,57.09,65.64,63.12,57.16,79.18,63.87,C
aditya.roy879@gmail.com,Aditya Roy,STU100879,C,Female,24,Business,17.9,78.41,54.34,75.25,67.03,58.92,69.15,82.18,68.9,C
arjun.iyer880@gmail.com,Arjun Iyer,STU100880,B,Female,21,Mathematics,28.4,88.25,74.83,74.35,82.96,66.79,68.89,84.45,77.11,B
reyansh.roy881@gmail.com,Reyansh Roy,STU100881,C,Female,19,Engineering,17.3,71.4,52.77,67.11,70.6,55.08,40.3,75.75,63.52,C
ira.gupta882@gmail.com,Ira Gupta,STU100882,E,Male,22,CS,21.3,80.96,59.69,68.21,68.66,58.32,56.34,78.1,67.26,C
shaurya.singh883@gmail.com,Shaurya Singh,STU100883,A,Male,22,Engineering,16.8,75.74,49.34,54.96,65.56,57.38,41.58,66.9,58.27,C
sara.singh884@gmail.com,Sara Singh,STU100884,D,Male,18,Business,25.7,86.55,65.07,79.25,72.84,65.21,58.46,81.13,73.93,B
sara.singh885@gmail.com,Sara Singh,STU100885,E,Male,18,Mathematics,10.4,73.24,49.79,54.53,64.97,53.35,47.72,66.9,57.8,C
sai.singh886@gmail.com,Sai Singh,STU100886,E,Female,18,Business,17.6,77.55,62.03,64.41,66.32,57.94,57.58,74.83,65.59,C
vivaan.das887@gmail.com,Vivaan Das,STU100887,B,Female,22,Business,13.0,67.57,45.72,51.85,54.84,55.33,60.98,75.0,55.76,C
ananya.verma888@gmail.com,Ananya Verma,STU100888,E,Female,23,Business,5.0,66.39,52.67,50.2,61.4,57.87,48.3,61.38,55.78,C
shaurya.das889@gmail.com,Shaurya Das,STU100889,E,Male,17,Mathematics,13.4,76.56,46.04,55.49,66.59,51.37,52.82,67.64,58.04,C
vihaan.roy890@gmail.com,Vihaan Roy,STU100890,E,Female,24,Mathematics,18.1,75.23,53.14,68.03,65.05,62.9,40.0,72.25,63.83,C
vihaan.patel891@gmail.com,Vihaan Patel,STU100891,E,Female,24,CS,11.9,77.11,60.35,72.55,66.63,56.92,56.61,67.64,66.83,C
diya.patel892@gmail.com,Diya Patel,STU100892,C,Female,21,Business,14.9,73.86,54.04,60.73,59.16,58.1,41.32,73.66,60.53,C
anika.verma893@gmail.com,Anika Verma,STU100893,A,Female,19,Mathematics,19.7,77.1,63.97,73.74,66.92,63.52,55.25,76.05,69.38,C
anika.chatterjee894@gmail.com,Anika Chatterjee,STU100894,C,Female,17,CS,13.2,73.71,55.5,65.0,66.17,61.34,57.75,69.67,63.89,C
ira.verma895@gmail.com,Ira Verma,STU100895,B,Female,23,Business,7.6,68.07,53.17,46.49,52.8,45.0,45.84,68.62,52.96,D
ananya.patel896@gmail.com,Ananya Patel,STU100896,E,Male,19,Business,13.4,70.15,62.36,71.02,65.04,57.12,48.87,80.08,66.71,C
riya.singh897@gmail.com,Riya Singh,STU100897,A,Female,17,Engineering,29.0,90.47,65.75,73.25,82.7,72.42,58.3,80.54,74.79,B
arjun.chatterjee898@gmail.com,Arjun Chatterjee,STU100898,C,Female,19,Engineering,28.6,88.24,74.01,71.5,89.15,67.79,51.69,80.3,75.84,B
ishaan.verma899@gmail.com,Ishaan Verma,STU100899,A,Female,23,Business,18.2,81.0,61.56,63.49,67.09,57.46,47.01,65.8,64.2,C
reyansh.kumar900@gmail.com,Reyansh Kumar,STU100900,E,Male,22,Engineering,27.5,88.16,64.33,71.19,79.65,59.49,66.71,83.35,72.61,B
shaurya.chatterjee901@gmail.com,Shaurya Chatterjee,STU100901,B,Male,18,CS,25.3,86.05,66.58,67.93,74.85,69.53,56.93,85.41,71.87,B
myra.patel902@gmail.com,Myra Patel,STU100902,E,Female,17,Business,21.9,83.1,57.55,75.12,72.69,61.18,46.92,78.63,69.59,C
shaurya.sharma903@gmail.com,Shaurya Sharma,STU100903,D,Male,19,Mathematics,14.4,74.48,58.66,54.83,66.5,60.48,52.73,73.19,61.61,C
myra.iyer904@gmail.com,Myra Iyer,STU100904,A,Male,24,Business,19.4,76.27,56.82,63.5,80.26,59.05,46.44,81.51,66.46,C
riya.iyer905@gmail.com,Riya Iyer,STU100905,C,Female,22,CS,28.4,91.5,69.65,85.4,78.59,72.6,62.23,89.03,79.76,B
reyansh.das906@gmail.com,Reyansh Das,STU100906,B,Female,23,CS,20.2,81.66,59.11,62.59,75.05,65.8,53.34,74.94,66.77,C
aarav.iyer907@gmail.com,Aarav Iyer,STU100907,A,Female,21,Engineering,5.0,60.0,50.11,52.32,54.5,52.96,40.0,58.69,53.06,D
aarav.gupta908@gmail.com,Aarav Gupta,STU100908,A,Male,19,Business,23.9,88.18,63.31,76.92,73.89,66.52,51.24,78.58,72.71,B
ananya.singh909@gmail.com,Ananya Singh,STU100909,E,Female,21,Mathematics,13.5,75.87,45.51,53.07,64.25,59.24,51.91,64.89,57.26,C
riya.sharma910@gmail.com,Riya Sharma,STU100910,E,Female,18,Engineering,22.9,89.07,63.67,68.89,75.87,69.27,66.27,78.08,71.74,B
aditya.chatterjee911@gmail.com,Aditya Chatterjee,STU100911,D,Female,24,Mathematics,15.3,71.69,61.34,64.52,65.73,56.38,50.06,66.97,63.49,C
aarav.das912@gmail.com,Aarav Das,STU100912,B,Female,21,CS,19.3,76.33,61.75,66.78,68.67,59.04,55.92,79.3,66.95,C
aadhya.sharma913@gmail.com,Aadhya Sharma,STU100913,E,Female,19,Business,24.5,85.33,63.75,71.95,72.64,75.1,61.86,86.19,72.99,B
vivaan.sharma914@gmail.com,Vivaan Sharma,STU100914,B,Male,20,Mathematics,23.3,82.16,63.59,62.26,71.77,56.22,51.22,92.61,67.82,C
aditya.verma915@gmail.com,Aditya Verma,STU100915,D,Male,20,Mathematics,20.9,83.2,55.82,77.45,67.79,63.16,49.5,69.12,68.59,C
ananya.chatterjee916@gmail.com,Ananya Chatterjee,STU100916,D,Female,20,Engineering,20.7,81.73,69.83,64.6,73.42,70.27,59.01,77.29,70.24,B
ishaan.roy917@gmail.com,Ishaan Roy,STU100917,A,Female,20,Business,18.2,75.34,55.21,54.83,69.99,55.38,52.91,69.82,60.69,C
anika.iyer918@gmail.com,Anika Iyer,STU100918,C,Male,23,CS,9.9,69.7,50.23,50.87,60.06,51.16,46.25,66.71,55.39,C
anika.verma919@gmail.com,Anika Verma,STU100919,A,Female,22,Business,20.9,84.99,62.05,58.46,69.37,62.32,52.89,77.87,65.52,C
ishaan.das920@gmail.com,Ishaan Das,STU100920,E,Male,23,Business,18.5,75.16,54.27,65.79,64.53,62.32,45.61,80.34,64.33,C
aadhya.verma921@gmail.com,Aadhya Verma,STU100921,B,Female,24,Engineering,23.6,87.87,64.64,60.64,73.57,72.84,60.56,77.05,68.96,C
ishita.chatterjee922@gmail.com,Ishita Chatterjee,STU100922,D,Male,17,CS,12.2,72.93,54.27,64.01,65.09,62.21,54.79,64.39,62.51,C
anika.gupta923@gmail.com,Anika Gupta,STU100923,A,Male,21,Mathematics,13.5,79.05,56.19,59.76,57.52,58.46,56.72,72.32,61.61,C
arjun.iyer924@gmail.com,Arjun Iyer,STU100924,D,Female,19,Engineering,19.7,85.23,57.26,69.92,69.79,58.98,53.44,68.97,66.89,C
sai.gupta925@gmail.com,Sai Gupta,STU100925,E,Female,18,Mathematics,21.2,83.95,57.67,69.7,76.12,65.04,51.64,78.76,69.22,C
navya.gupta926@gmail.com,Navya Gupta,STU100926,D,Female,18,Engineering,22.3,79.41,56.77,78.75,73.18,67.52,56.8,72.87,70.78,B
ishita.das927@gmail.com,Ishita Das,STU100927,A,Male,21,Mathematics,30.2,89.91,73.35,76.43,79.19,64.61,62.97,92.69,77.34,B
vihaan.roy928@gmail.com,Vihaan Roy,STU100928,E,Male,24,Mathematics,22.4,81.83,54.05,72.91,73.14,64.23,54.88,76.27,68.63,C
ananya.singh929@gmail.com,Ananya Singh,STU100929,B,Male,24,CS,22.5,84.48,60.5,69.42,73.78,65.74,48.73,81.46,69.6,C
aditya.iyer930@gmail.com,Aditya Iyer,STU100930,A,Female,18,Mathematics,22.0,84.26,65.85,70.95,69.96,61.24,46.86,77.56,69.6,C
ishita.das931@gmail.com,Ishita Das,STU100931,B,Female,24,Mathematics,26.8,89.07,62.87,74.64,74.17,64.39,70.78,86.87,73.66,B
krishna.kumar932@gmail.com,Krishna Kumar,STU100932,B,Female,18,CS,18.7,76.85,45.76,65.62,66.03,61.14,52.17,77.15,62.86,C
ananya.iyer933@gmail.com,Ananya Iyer,STU100933,E,Female,23,Mathematics,14.5,76.32,57.31,60.34,62.27,47.45,58.5,71.97,61.4,C
ishita.verma934@gmail.com,Ishita Verma,STU100934,C,Female,19,Mathematics,26.8,84.33,71.3,73.0,83.68,75.71,55.94,78.93,75.41,B
krishna.verma935@gmail.com,Krishna Verma,STU100935,C,Female,22,CS,23.4,84.47,66.91,68.91,69.44,70.0,49.43,86.9,71.08,B
navya.iyer936@gmail.com,Navya Iyer,STU100936,C,Female,23,CS,11.6,72.21,53.64,53.6,58.42,62.54,48.74,71.17,58.6,C
riya.chatterjee937@gmail.com,Riya Chatterjee,STU100937,E,Male,17,Engineering,29.6,89.17,75.09,67.04,87.12,74.92,62.4,91.25,76.85,B
diya.chatterjee938@gmail.com,Diya Chatterjee,STU100938,E,Male,21,Mathematics,15.0,75.77,58.48,62.22,65.16,64.61,64.76,65.93,64.0,C
sara.sharma939@gmail.com,Sara Sharma,STU100939,D,Male,22,Engineering,18.8,82.94,57.08,61.55,70.71,58.78,55.71,67.44,64.19,C
sara.patel940@gmail.com,Sara Patel,STU100940,A,Male,21,Mathematics,17.8,78.48,55.09,64.87,72.57,61.08,52.55,68.34,64.78,C
ishita.patel941@gmail.com,Ishita Patel,STU100941,C,Female,19,Business,21.7,80.08,67.75,71.04,73.54,66.88,47.7,77.17,70.69,B
myra.iyer942@gmail.com,Myra Iyer,STU100942,E,Female,22,Mathematics,29.6,90.52,70.78,69.44,75.97,75.61,58.01,86.77,74.57,B
diya.patel943@gmail.com,Diya Patel,STU100943,B,Male,19,Business,10.5,68.17,54.36,63.23,65.66,50.37,42.14,67.04,60.36,C
aadhya.iyer944@gmail.com,Aadhya Iyer,STU100944,D,Male,24,CS,17.8,81.52,56.77,62.28,69.37,56.86,53.65,71.62,64.13,C
riya.patel945@gmail.com,Riya Patel,STU100945,A,Female,18,Business,24.9,84.84,59.89,80.99,73.99,60.38,60.93,83.6,73.3,B
riya.das946@gmail.com,Riya Das,STU100946,C,Male,21,Mathematics,22.8,82.7,62.35,65.56,73.49,64.64,65.82,77.51,68.94,C
ira.sharma947@gmail.com,Ira Sharma,STU100947,E,Male,18,Engineering,19.0,77.3,63.09,66.4,70.57,62.57,60.48,81.54,68.29,C
anika.roy948@gmail.com,Anika Roy,STU100948,E,Female,20,Mathematics,9.4,70.66,48.7,61.12,56.96,55.36,55.66,63.67,58.37,C
navya.iyer949@gmail.com,Navya Iyer,STU100949,C,Male,22,Engineering,24.5,85.85,73.41,80.21,66.58,67.72,61.22,86.13,75.76,B
ira.iyer950@gmail.com,Ira Iyer,STU100950,D,Female,22,Mathematics,24.6,81.2,66.45,64.82,68.84,69.55,52.72,79.91,68.76,C
ishaan.singh951@gmail.com,Ishaan Singh,STU100951,E,Female,17,Business,25.4,88.04,65.24,74.45,74.11,67.06,54.1,87.99,73.51,B
vihaan.chatterjee952@gmail.com,Vihaan Chatterjee,STU100952,B,Female,18,Business,15.6,72.03,55.96,55.47,70.29,59.23,52.87,73.28,61.47,C
shaurya.das953@gmail.com,Shaurya Das,STU100953,C,Male,17,Mathematics,25.8,86.05,70.38,70.1,74.57,63.22,59.34,84.38,72.62,B
myra.roy954@gmail.com,Myra Roy,STU100954,A,Female,19,CS,20.5,72.24,67.77,80.09,72.54,68.61,57.21,80.54,73.46,B
sara.roy955@gmail.com,Sara Roy,STU100955,A,Male,22,Mathematics,19.9,80.79,58.55,70.39,68.64,67.0,55.0,76.46,68.3,C
myra.sharma956@gmail.com,Myra Sharma,STU100956,C,Male,24,Engineering,23.0,78.52,58.38,76.58,64.07,64.64,56.47,86.99,70.1,B
krishna.singh957@gmail.com,Krishna Singh,STU100957,A,Female,20,Business,34.4,100.0,78.63,81.02,83.31,72.51,52.08,91.88,81.57,B
sai.patel958@gmail.com,Sai Patel,STU100958,E,Female,22,Mathematics,21.1,78.22,60.32,63.23,67.83,63.56,48.51,77.27,65.54,C
myra.verma959@gmail.com,Myra Verma,STU100959,B,Female,19,Business,21.9,77.52,61.13,61.11,71.27,57.57,59.15,77.21,65.43,C
myra.iyer960@gmail.com,Myra Iyer,STU100960,C,Female,20,CS,16.5,76.47,59.82,51.01,58.41,61.72,47.66,73.83,59.61,C
riya.roy961@gmail.com,Riya Roy,STU100961,A,Male,17,Business,29.5,88.33,74.19,83.05,80.3,71.09,65.36,84.34,79.44,B
ananya.kumar962@gmail.com,Ananya Kumar,STU100962,A,Female,19,Mathematics,15.3,77.07,54.7,55.07,59.59,45.0,45.43,70.73,57.95,C
ira.sharma963@gmail.com,Ira Sharma,STU100963,C,Male,24,CS,26.9,80.89,66.18,75.82,79.12,66.99,63.1,87.19,74.51,B
shaurya.verma964@gmail.com,Shaurya Verma,STU100964,C,Male,21,Mathematics,10.6,73.94,53.54,60.45,52.84,53.61,45.07,60.2,57.8,C
aadhya.verma965@gmail.com,Aadhya Verma,STU100965,C,Female,21,Business,20.4,82.35,63.59,70.84,72.08,64.82,50.06,77.78,69.78,C
shaurya.iyer966@gmail.com,Shaurya Iyer,STU100966,C,Male,17,Mathematics,26.1,88.42,76.57,73.44,76.07,72.46,58.86,82.59,76.05,B
krishna.roy967@gmail.com,Krishna Roy,STU100967,D,Male,24,CS,17.2,73.49,52.69,70.17,64.54,56.46,56.45,73.22,64.41,C
reyansh.kumar968@gmail.com,Reyansh Kumar,STU100968,E,Male,23,Engineering,20.5,78.18,59.4,71.63,71.23,65.34,44.82,81.2,68.77,C
sai.gupta969@gmail.com,Sai Gupta,STU100969,C,Female,22,Mathematics,26.2,88.95,73.39,79.36,80.33,53.22,66.06,85.07,76.56,B
aarav.singh970@gmail.com,Aarav Singh,STU100970,C,Male,20,Mathematics,30.5,92.94,65.24,84.69,85.86,74.02,65.88,86.28,79.95,B
ishita.sharma971@gmail.com,Ishita Sharma,STU100971,C,Female,18,Engineering,23.2,79.87,66.79,72.86,72.66,62.7,70.18,77.49,71.63,B
reyansh.roy972@gmail.com,Reyansh Roy,STU100972,C,Male,23,Business,18.6,77.27,56.98,63.41,68.12,69.08,52.96,69.76,64.9,C
ananya.kumar973@gmail.com,Ananya Kumar,STU100973,A,Male,19,Business,15.0,74.69,51.83,66.39,65.24,60.45,40.0,70.57,62.64,C
ishaan.das974@gmail.com,Ishaan Das,STU100974,C,Male,23,Engineering,18.2,78.42,55.13,64.54,63.81,69.27,53.7,77.11,65.12,C
vihaan.sharma975@gmail.com,Vihaan Sharma,STU100975,C,Female,17,Business,33.2,87.42,69.35,82.17,87.0,68.93,62.01,91.11,79.42,B
ananya.singh976@gmail.com,Ananya Singh,STU100976,A,Female,22,CS,26.2,87.29,73.76,69.39,75.71,64.02,52.38,80.58,72.73,B
ira.singh977@gmail.com,Ira Singh,STU100977,C,Female,17,Mathematics,21.5,84.73,65.73,70.49,65.32,62.11,52.42,78.25,69.22,C
ananya.singh978@gmail.com,Ananya Singh,STU100978,B,Male,23,Engineering,33.6,92.83,76.63,81.53,86.61,72.62,76.54,95.54,82.7,B
myra.sharma979@gmail.com,Myra Sharma,STU100979,E,Male,23,Engineering,12.5,72.38,52.76,54.08,67.59,51.47,40.0,69.97,58.3,C
aadhya.kumar980@gmail.com,Aadhya Kumar,STU100980,B,Male,20,Engineering,25.7,85.28,68.59,76.12,73.11,70.22,60.88,85.59,74.68,B
ira.sharma981@gmail.com,Ira Sharma,STU100981,A,Female,24,Business,32.5,96.41,77.33,75.19,77.73,71.08,73.6,92.24,79.33,B
ishita.iyer982@gmail.com,Ishita Iyer,STU100982,E,Female,21,Engineering,34.7,93.36,81.44,91.71,80.72,73.73,76.13,96.71,86.1,A
sai.singh983@gmail.com,Sai Singh,STU100983,B,Female,18,Engineering,22.8,81.31,73.68,67.67,73.8,65.53,60.65,80.27,71.85,B
ishaan.das984@gmail.com,Ishaan Das,STU100984,E,Male,22,Engineering,30.5,92.62,68.3,80.02,75.16,70.75,52.72,86.22,76.53,B
aarav.singh985@gmail.com,Aarav Singh,STU100985,E,Male,17,CS,18.9,80.84,53.79,72.94,66.0,60.17,56.9,75.5,67.04,C
shaurya.sharma986@gmail.com,Shaurya Sharma,STU100986,C,Female,18,CS,20.3,80.75,55.68,70.97,66.37,58.13,54.09,85.42,67.52,C
anika.iyer987@gmail.com,Anika Iyer,STU100987,A,Female,19,Engineering,27.0,89.51,70.91,78.63,77.53,63.44,61.19,87.64,76.52,B
ira.chatterjee988@gmail.com,Ira Chatterjee,STU100988,A,Male,23,Business,17.1,77.4,63.57,70.61,65.82,56.72,52.24,75.33,67.33,C
aditya.das989@gmail.com,Aditya Das,STU100989,C,Male,24,Engineering,21.4,82.87,60.99,72.49,67.36,67.79,54.73,75.15,69.37,C
ananya.iyer990@gmail.com,Ananya Iyer,STU100990,B,Male,19,Business,24.7,82.33,66.7,79.61,76.91,72.38,66.03,84.08,75.94,B
aadhya.singh991@gmail.com,Aadhya Singh,STU100991,B,Male,20,Business,29.4,89.57,68.43,80.38,75.09,74.93,63.73,85.17,77.22,B
diya.verma992@gmail.com,Diya Verma,STU100992,E,Female,20,Mathematics,17.2,71.83,58.34,62.97,65.11,64.68,58.29,73.05,64.2,C
vivaan.das993@gmail.com,Vivaan Das,STU100993,C,Male,23,Business,31.8,91.94,75.18,71.46,83.24,68.27,57.01,99.35,77.77,B
ira.chatterjee994@gmail.com,Ira Chatterjee,STU100994,D,Female,24,CS,25.6,85.18,63.41,82.96,78.74,62.9,57.91,81.26,75.21,B
sara.patel995@gmail.com,Sara Patel,STU100995,B,Male,19,Mathematics,32.3,92.34,69.61,81.04,86.25,73.75,62.13,92.89,80.18,B
sai.gupta996@gmail.com,Sai Gupta,STU100996,E,Female,18,CS,23.1,82.15,66.36,78.25,70.93,71.71,67.8,86.46,74.81,B
arjun.roy997@gmail.com,Arjun Roy,STU100997,D,Female,20,Mathematics,20.8,79.78,60.13,74.49,66.39,62.01,64.19,77.68,69.49,C
arjun.iyer998@gmail.com,Arjun Iyer,STU100998,A,Male,17,Business,11.1,69.57,54.74,62.94,64.3,54.13,40.0,70.38,60.88,C
ananya.roy999@gmail.com,Ananya Roy,STU100999,E,Male,20,CS,29.1,94.44,78.34,79.91,79.59,65.8,58.76,90.8,79.62,B
krishna.kumar1000@gmail.com,Krishna Kumar,STU101000,B,Male,19,Mathematics,30.0,91.66,66.01,81.79,78.69,76.91,59.57,87.6,78.14,B
vihaan.verma1001@gmail.com,Vihaan Verma,STU101001,D,Male,22,Mathematics,22.4,84.4,63.5,66.33,72.27,63.67,54.22,78.76,68.83,C
anika.sharma1002@gmail.com,Anika Sharma,STU101002,B,Male,18,CS,26.0,85.37,67.72,76.7,74.23,61.03,54.96,80.64,73.14,B
ira.patel1003@gmail.com,Ira Patel,STU101003,C,Male,17,CS,25.0,85.43,75.06,77.34,73.91,78.28,61.92,75.79,76.35,B
ishaan.iyer1004@gmail.com,Ishaan Iyer,STU101004,C,Female,20,Engineering,18.1,77.12,57.97,62.4,70.67,58.75,44.16,72.11,63.92,C
aadhya.roy1005@gmail.com,Aadhya Roy,STU101005,C,Female,18,CS,35.9,100.0,71.13,86.73,88.3,84.28,64.11,92.57,84.38,B
aditya.gupta1006@gmail.com,Aditya Gupta,STU101006,E,Male,24,Business,10.2,65.08,45.6,55.27,53.08,53.44,45.82,68.27,54.63,D
sai.das1007@gmail.com,Sai Das,STU101007,A,Male,23,CS,8.8,72.89,44.1,58.88,55.96,45.2,40.8,64.36,55.16,C
ira.singh1008@gmail.com,Ira Singh,STU101008,A,Female,20,CS,15.6,75.34,54.85,63.61,66.61,54.43,57.31,70.39,62.93,C
ananya.gupta1009@gmail.com,Ananya Gupta,STU101009,D,Female,24,Business,15.4,81.3,60.19,62.75,70.17,66.18,55.45,73.23,66.23,C
navya.kumar1010@gmail.com,Navya Kumar,STU101010,A,Male,22,CS,25.9,88.97,67.74,78.74,75.52,72.38,70.35,78.42,75.99,B
shaurya.verma1011@gmail.com,Shaurya Verma,STU101011,A,Female,18,Business,29.4,92.63,77.93,70.91,81.79,74.72,63.43,87.09,77.74,B
navya.gupta1012@gmail.com,Navya Gupta,STU101012,A,Female,21,CS,15.9,78.24,56.79,57.96,60.38,67.03,53.44,68.06,61.81,C
anika.das1013@gmail.com,Anika Das,STU101013,D,Male,21,Engineering,17.8,85.18,53.58,63.93,70.65,51.41,42.28,79.03,64.17,C
shaurya.singh1014@gmail.com,Shaurya Singh,STU101014,C,Male,24,Engineering,25.4,87.83,70.66,74.09,79.5,58.84,51.48,77.82,73.31,B
navya.verma1015@gmail.com,Navya Verma,STU101015,B,Female,22,Business,22.7,84.28,61.13,70.84,74.87,70.74,51.11,77.0,70.46,B
diya.patel1016@gmail.com,Diya Patel,STU101016,E,Male,20,Mathematics,21.1,77.68,60.65,62.36,70.79,61.78,59.28,78.07,66.17,C
sai.roy1017@gmail.com,Sai Roy,STU101017,A,Male,18,Mathematics,22.3,79.51,67.28,69.92,71.67,74.62,51.08,75.22,70.67,B
vivaan.roy1018@gmail.com,Vivaan Roy,STU101018,E,Female,17,Mathematics,31.0,89.26,70.34,77.75,80.97,74.16,62.11,86.14,77.6,B
riya.iyer1019@gmail.com,Riya Iyer,STU101019,B,Female,22,CS,28.2,87.32,67.88,78.29,76.09,75.02,51.96,78.26,75.14,B
vivaan.chatterjee1020@gmail.com,Vivaan Chatterjee,STU101020,C,Male,17,Mathematics,14.7,79.54,53.76,59.99,65.21,62.21,50.67,67.11,61.95,C
riya.gupta1021@gmail.com,Riya Gupta,STU101021,B,Female,24,Engineering,14.8,73.63,53.71,58.71,66.74,54.12,46.2,73.38,60.79,C
diya.singh1022@gmail.com,Diya Singh,STU101022,D,Male,24,Engineering,11.9,74.56,57.54,53.43,62.91,49.37,42.06,75.15,58.98,C
aarav.das1023@gmail.com,Aarav Das,STU101023,D,Male,20,Engineering,27.1,89.3,61.91,78.07,78.67,69.11,70.0,87.66,75.71,B
sara.gupta1024@gmail.com,Sara Gupta,STU101024,B,Male,19,Engineering,24.9,82.52,54.47,71.01,76.92,64.43,45.17,83.9,69.08,C
aadhya.singh1025@gmail.com,Aadhya Singh,STU101025,A,Female,24,Mathematics,18.7,73.92,62.3,63.08,68.09,64.58,56.86,77.1,66.0,C
diya.gupta1026@gmail.com,Diya Gupta,STU101026,B,Female,23,Mathematics,14.8,73.81,49.51,54.86,69.28,63.48,42.45,61.25,58.73,C
shaurya.sharma1027@gmail.com,Shaurya Sharma,STU101027,D,Female,18,CS,20.2,80.07,61.58,68.85,63.43,60.33,51.39,77.55,66.85,C
aditya.sharma1028@gmail.com,Aditya Sharma,STU101028,E,Female,19,Business,19.0,75.38,59.07,65.53,72.93,64.83,49.91,82.18,67.15,C
ishita.kumar1029@gmail.com,Ishita Kumar,STU101029,A,Male,20,Mathematics,29.0,87.1,66.03,79.82,81.74,67.34,64.09,85.55,76.62,B
sai.singh1030@gmail.com,Sai Singh,STU101030,B,Female,18,Mathematics,14.4,75.8,43.35,55.41,65.46,61.4,47.12,68.2,58.01,C
ananya.sharma1031@gmail.com,Ananya Sharma,STU101031,A,Male,20,Mathematics,9.3,63.21,54.69,57.14,56.13,56.89,48.41,62.78,57.21,C
aditya.das1032@gmail.com,Aditya Das,STU101032,D,Female,20,Business,8.8,73.44,60.7,56.93,50.0,55.19,40.0,64.52,58.03,C
diya.iyer1033@gmail.com,Diya Iyer,STU101033,D,Male,24,Mathematics,19.5,81.38,57.92,64.78,72.96,65.41,54.04,73.66,66.71,C
myra.iyer1034@gmail.com,Myra Iyer,STU101034,D,Male,22,Mathematics,33.8,95.04,75.09,83.66,86.44,70.98,55.09,94.3,81.87,B
anika.chatterjee1035@gmail.com,Anika Chatterjee,STU101035,B,Male,24,CS,28.1,86.8,73.54,74.63,74.06,75.27,78.71,83.0,76.65,B
ishaan.gupta1036@gmail.com,Ishaan Gupta,STU101036,A,Female,24,Engineering,18.7,78.76,55.94,61.57,71.12,69.78,46.07,65.54,64.04,C
anika.gupta1037@gmail.com,Anika Gupta,STU101037,A,Female,21,Mathematics,13.1,75.42,55.02,65.7,60.65,56.39,40.0,69.87,61.98,C
diya.kumar1038@gmail.com,Diya Kumar,STU101038,C,Female,18,Engineering,20.9,80.95,66.75,74.36,66.67,64.88,57.35,74.76,70.59,B
krishna.iyer1039@gmail.com,Krishna Iyer,STU101039,A,Female,22,Business,24.6,84.7,59.88,69.42,68.79,67.22,51.52,82.29,69.12,C
anika.singh1040@gmail.com,Anika Singh,STU101040,D,Male,18,CS,21.9,81.54,56.95,73.11,72.56,54.22,55.43,77.78,68.33,C
sara.verma1041@gmail.com,Sara Verma,STU101041,E,Male,20,Business,24.1,90.15,57.05,67.82,79.16,72.38,64.81,75.65,70.69,B
ishita.gupta1042@gmail.com,Ishita Gupta,STU101042,D,Male,18,Mathematics,19.4,78.37,63.75,67.09,72.62,73.98,48.59,79.44,69.38,C
diya.iyer1043@gmail.com,Diya Iyer,STU101043,D,Male,18,Engineering,28.3,93.19,73.47,79.34,77.92,69.43,61.04,94.09,78.91,B
navya.singh1044@gmail.com,Navya Singh,STU101044,C,Female,18,Mathematics,10.3,71.16,51.41,61.5,62.75,45.0,58.62,69.83,59.67,C
sara.das1045@gmail.com,Sara Das,STU101045,A,Female,19,Engineering,31.2,89.76,78.57,71.44,82.25,67.32,65.78,93.64,77.85,B
ishaan.sharma1046@gmail.com,Ishaan Sharma,STU101046,C,Male,24,Business,8.7,64.49,60.46,50.47,60.12,52.67,47.1,74.71,57.79,C
aadhya.singh1047@gmail.com,Aadhya Singh,STU101047,E,Male,23,Engineering,28.3,90.55,67.95,87.66,77.14,73.0,52.07,82.71,78.69,B
aadhya.iyer1048@gmail.com,Aadhya Iyer,STU101048,D,Female,24,Mathematics,25.5,82.68,60.14,76.1,74.72,73.42,61.46,86.35,73.38,B
ananya.iyer1049@gmail.com,Ananya Iyer,STU101049,B,Male,18,Business,27.6,86.96,61.5,74.66,81.54,69.72,59.26,89.54,74.51,B
aditya.iyer1050@gmail.com,Aditya Iyer,STU101050,E,Male,19,CS,17.9,81.03,59.69,57.46,69.69,58.0,45.69,80.02,63.82,C
aadhya.kumar1051@gmail.com,Aadhya Kumar,STU101051,E,Female,24,Engineering,12.4,71.12,48.82,56.17,64.09,54.83,40.84,66.87,57.55,C
sai.sharma1052@gmail.com,Sai Sharma,STU101052,D,Female,21,Business,16.1,75.28,53.62,60.9,68.07,55.13,46.03,76.43,62.19,C
reyansh.iyer1053@gmail.com,Reyansh Iyer,STU101053,D,Female,22,Business,14.5,71.42,63.62,58.65,69.28,56.35,48.48,70.19,62.93,C
reyansh.kumar1054@gmail.com,Reyansh Kumar,STU101054,D,Male,17,CS,21.6,82.08,62.06,74.69,70.83,62.72,52.18,75.12,70.05,B
navya.kumar1055@gmail.com,Navya Kumar,STU101055,D,Female,24,Business,17.8,76.91,60.84,69.67,62.99,53.88,46.07,74.56,65.35,C
aadhya.kumar1056@gmail.com,Aadhya Kumar,STU101056,C,Male,23,CS,24.4,83.53,66.1,67.0,75.11,74.08,63.9,77.9,71.33,B
ira.iyer1057@gmail.com,Ira Iyer,STU101057,E,Male,17,Business,13.5,74.8,49.09,58.14,65.58,55.71,53.43,64.85,59.31,C
vihaan.verma1058@gmail.com,Vihaan Verma,STU101058,B,Male,21,Mathematics,33.9,97.98,77.93,84.25,75.57,74.11,68.56,95.19,82.35,B
vihaan.iyer1059@gmail.com,Vihaan Iyer,STU101059,B,Male,21,CS,19.5,78.86,57.04,63.42,64.27,64.74,51.39,74.41,64.45,C
diya.patel1060@gmail.com,Diya Patel,STU101060,A,Male,20,Engineering,8.3,67.0,43.9,54.09,60.48,49.67,52.1,65.3,54.88,D
anika.iyer1061@gmail.com,Anika Iyer,STU101061,E,Female,23,Mathematics,18.0,74.17,57.12,69.01,64.81,71.06,63.87,67.82,66.35,C
riya.chatterjee1062@gmail.com,Riya Chatterjee,STU101062,B,Male,22,Mathematics,7.0,62.23,48.52,45.0,60.78,55.7,40.0,67.34,52.85,D
anika.sharma1063@gmail.com,Anika Sharma,STU101063,A,Female,22,Mathematics,23.0,84.79,65.23,74.11,75.39,60.54,60.22,77.85,71.92,B
sai.gupta1064@gmail.com,Sai Gupta,STU101064,E,Female,17,Business,19.0,78.76,50.14,63.46,70.24,67.71,57.57,68.82,64.01,C
riya.kumar1065@gmail.com,Riya Kumar,STU101065,C,Female,22,Engineering,20.1,78.23,60.69,69.42,71.88,66.52,48.03,67.2,67.34,C
myra.iyer1066@gmail.com,Myra Iyer,STU101066,A,Male,21,Business,22.5,83.04,58.12,71.04,78.18,64.72,54.24,79.57,70.11,B
shaurya.das1067@gmail.com,Shaurya Das,STU101067,D,Female,21,CS,21.2,79.57,63.69,69.87,68.42,58.67,44.06,77.26,67.71,C
ishaan.verma1068@gmail.com,Ishaan Verma,STU101068,D,Female,23,Mathematics,14.0,71.34,48.41,66.84,65.14,53.24,53.91,70.62,61.72,C
ira.gupta1069@gmail.com,Ira Gupta,STU101069,E,Male,19,Business,19.0,75.87,69.35,69.82,75.16,64.31,45.85,74.86,69.89,C
diya.verma1070@gmail.com,Diya Verma,STU101070,B,Male,17,Mathematics,21.9,81.95,65.59,67.61,66.01,69.67,50.2,76.88,68.66,C
diya.kumar1071@gmail.com,Diya Kumar,STU101071,C,Female,22,CS,31.1,96.22,71.06,77.03,74.12,73.11,49.46,88.46,76.69,B
aadhya.singh1072@gmail.com,Aadhya Singh,STU101072,D,Male,23,Business,28.0,87.57,70.27,72.73,75.17,64.27,59.58,77.79,73.09,B
ananya.chatterjee1073@gmail.com,Ananya Chatterjee,STU101073,C,Female,18,Mathematics,12.0,69.39,50.84,55.67,70.24,51.4,49.74,74.93,59.46,C
reyansh.sharma1074@gmail.com,Reyansh Sharma,STU101074,E,Male,18,CS,19.0,75.21,58.55,60.13,62.2,66.01,59.51,77.13,63.89,C
myra.iyer1075@gmail.com,Myra Iyer,STU101075,D,Male,24,Business,17.0,75.36,50.55,56.9,70.91,57.27,47.79,74.43,60.91,C
sai.patel1076@gmail.com,Sai Patel,STU101076,A,Female,17,Engineering,11.4,66.03,52.72,54.01,58.23,56.44,58.39,67.82,57.43,C
vihaan.kumar1077@gmail.com,Vihaan Kumar,STU101077,B,Female,17,Business,34.3,93.77,72.85,85.31,89.18,76.23,74.13,90.37,83.28,B
navya.roy1078@gmail.com,Navya Roy,STU101078,A,Female,24,Business,11.6,76.51,51.49,63.13,60.7,49.01,40.99,69.65,59.91,C
myra.sharma1079@gmail.com,Myra Sharma,STU101079,D,Female,22,Mathematics,17.9,79.62,52.38,64.63,70.76,62.37,42.61,73.66,64.17,C
sara.singh1080@gmail.com,Sara Singh,STU101080,A,Female,19,CS,22.1,83.86,64.73,69.48,70.49,67.99,57.2,75.56,69.96,C
myra.chatterjee1081@gmail.com,Myra Chatterjee,STU101081,A,Male,17,CS,17.8,74.54,52.01,62.8,65.63,57.55,50.27,73.1,62.12,C
diya.chatterjee1082@gmail.com,Diya Chatterjee,STU101082,B,Male,21,Engineering,20.4,82.31,54.31,58.63,71.13,65.35,64.63,77.84,64.9,C
ishita.chatterjee1083@gmail.com,Ishita Chatterjee,STU101083,B,Male,18,Business,23.1,84.57,66.41,65.52,70.59,65.46,48.8,76.04,68.58,C
riya.kumar1084@gmail.com,Riya Kumar,STU101084,D,Male,20,Engineering,27.2,81.29,67.13,76.58,74.7,68.94,66.82,79.68,73.93,B
anika.singh1085@gmail.com,Anika Singh,STU101085,A,Male,17,Mathematics,14.2,79.13,56.59,61.54,66.27,61.11,57.18,65.11,63.11,C
reyansh.das1086@gmail.com,Reyansh Das,STU101086,C,Female,24,Mathematics,12.9,73.02,50.76,57.62,60.15,47.2,44.02,64.5,57.13,C
anika.sharma1087@gmail.com,Anika Sharma,STU101087,D,Female,19,Business,12.9,67.2,60.57,59.64,65.87,54.14,47.56,71.47,61.55,C
aditya.patel1088@gmail.com,Aditya Patel,STU101088,C,Male,20,Engineering,21.8,77.62,60.32,60.9,68.76,62.65,54.98,78.82,65.31,C
vivaan.gupta1089@gmail.com,Vivaan Gupta,STU101089,B,Male,21,Business,19.5,78.05,56.96,60.27,76.87,65.94,48.96,82.67,66.12,C
arjun.roy1090@gmail.com,Arjun Roy,STU101090,E,Male,22,Mathematics,25.9,81.06,62.26,71.79,79.3,63.71,53.47,79.48,70.98,B
anika.verma1091@gmail.com,Anika Verma,STU101091,D,Female,18,Engineering,18.7,74.78,61.93,59.94,66.54,61.04,48.57,75.68,63.93,C
aditya.iyer1092@gmail.com,Aditya Iyer,STU101092,C,Female,21,Engineering,25.5,83.11,62.71,75.82,82.78,70.62,60.34,76.5,73.74,B
shaurya.roy1093@gmail.com,Shaurya Roy,STU101093,E,Female,23,Business,11.8,74.13,56.61,64.93,62.13,62.71,56.14,65.54,63.16,C
ira.gupta1094@gmail.com,Ira Gupta,STU101094,C,Male,20,Mathematics,33.4,92.39,76.55,87.51,84.55,75.01,75.2,92.06,83.95,B
anika.sharma1095@gmail.com,Anika Sharma,STU101095,C,Male,18,Engineering,17.4,75.21,45.63,66.84,67.17,71.63,42.7,76.47,63.72,C
arjun.sharma1096@gmail.com,Arjun Sharma,STU101096,E,Female,23,Business,15.6,76.2,54.5,59.23,72.54,64.43,53.97,75.16,63.83,C
krishna.patel1097@gmail.com,Krishna Patel,STU101097,C,Female,18,Business,19.2,77.01,69.52,62.01,64.5,60.04,51.4,71.96,65.65,C
aarav.iyer1098@gmail.com,Aarav Iyer,STU101098,E,Female,24,Business,33.4,89.99,69.33,84.12,85.57,72.14,54.55,92.12,80.09,B
ishita.das1099@gmail.com,Ishita Das,STU101099,B,Female,17,Engineering,10.5,68.86,49.89,55.18,61.21,58.83,45.29,63.52,57.1,C
riya.kumar1100@gmail.com,Riya Kumar,STU101100,B,Female,20,Engineering,37.7,100.0,71.94,87.76,89.38,81.9,61.49,93.95,84.78,B
riya.sharma1101@gmail.com,Riya Sharma,STU101101,A,Male,17,Business,26.3,83.54,64.43,75.27,74.72,61.42,47.36,75.8,71.12,B
aditya.singh1102@gmail.com,Aditya Singh,STU101102,D,Male,22,Mathematics,18.1,76.52,56.12,61.99,63.96,57.38,45.16,77.94,62.86,C
ishita.patel1103@gmail.com,Ishita Patel,STU101103,D,Male,23,Engineering,10.2,65.88,45.73,59.18,64.97,55.02,45.36,68.61,57.87,C
vihaan.kumar1104@gmail.com,Vihaan Kumar,STU101104,C,Female,19,CS,27.9,88.24,65.65,77.35,81.88,63.08,63.4,88.19,75.74,B
sai.patel1105@gmail.com,Sai Patel,STU101105,E,Female,24,Engineering,19.2,80.89,57.14,63.22,69.13,62.81,63.01,74.17,65.7,C
ira.das1106@gmail.com,Ira Das,STU101106,E,Male,22,Business,20.5,77.93,60.43,70.59,71.63,75.89,59.68,76.85,70.06,B
aarav.verma1107@gmail.com,Aarav Verma,STU101107,D,Male,17,Mathematics,29.8,90.97,79.08,75.3,86.33,72.45,56.41,90.16,79.54,B
vivaan.singh1108@gmail.com,Vivaan Singh,STU101108,B,Female,19,CS,29.2,87.71,65.92,80.99,77.57,65.11,66.03,92.46,76.94,B
ananya.chatterjee1109@gmail.com,Ananya Chatterjee,STU101109,B,Female,24,Engineering,21.3,82.5,68.31,71.43,75.99,66.19,55.66,78.62,72.0,B
anika.sharma1110@gmail.com,Anika Sharma,STU101110,B,Female,23,Engineering,17.3,77.9,53.73,64.64,65.41,55.99,62.56,67.03,63.17,C
aditya.chatterjee1111@gmail.com,Aditya Chatterjee,STU101111,B,Male,17,Mathematics,15.6,73.09,59.11,59.33,68.33,47.66,46.31,79.19,62.18,C
ananya.das1112@gmail.com,Ananya Das,STU101112,B,Female,22,Engineering,7.8,67.16,54.85,56.85,63.78,59.31,45.55,63.48,58.87,C
ira.patel1113@gmail.com,Ira Patel,STU101113,B,Male,23,Business,21.7,83.7,64.3,67.27,71.48,69.74,60.26,84.24,70.55,B
shaurya.roy1114@gmail.com,Shaurya Roy,STU101114,B,Female,18,Engineering,23.5,80.67,62.35,61.7,74.92,64.19,55.39,76.49,67.12,C
riya.roy1115@gmail.com,Riya Roy,STU101115,B,Male,22,Engineering,22.1,81.65,64.77,68.62,69.14,68.61,52.2,79.7,69.52,C
aditya.gupta1116@gmail.com,Aditya Gupta,STU101116,B,Female,22,Mathematics,21.0,80.15,63.68,63.95,64.99,67.62,62.63,73.59,66.94,C
ishaan.sharma1117@gmail.com,Ishaan Sharma,STU101117,A,Female,21,Engineering,24.2,80.25,56.49,70.21,80.85,59.97,58.51,76.99,69.14,C
vivaan.sharma1118@gmail.com,Vivaan Sharma,STU101118,C,Male,24,Engineering,16.5,80.26,46.46,52.4,66.36,54.64,51.97,65.92,57.65,C
vivaan.kumar1119@gmail.com,Vivaan Kumar,STU101119,C,Female,21,Business,11.1,73.91,42.61,54.68,65.72,54.39,59.22,67.69,57.34,C
ira.chatterjee1120@gmail.com,Ira Chatterjee,STU101120,D,Female,20,CS,14.7,83.88,60.98,59.68,59.77,58.52,54.82,75.0,63.55,C
sara.iyer1121@gmail.com,Sara Iyer,STU101121,C,Male,24,Business,15.6,76.29,54.69,63.32,67.41,63.82,55.51,75.6,64.39,C
reyansh.iyer1122@gmail.com,Reyansh Iyer,STU101122,A,Male,21,Business,13.5,71.5,59.01,58.23,67.47,56.54,46.14,72.04,61.71,C
aditya.das1123@gmail.com,Aditya Das,STU101123,E,Male,19,Mathematics,7.7,67.32,50.05,50.16,61.15,47.66,50.71,70.38,55.3,C
arjun.gupta1124@gmail.com,Arjun Gupta,STU101124,B,Female,19,Mathematics,13.4,74.81,68.27,59.49,62.55,64.39,66.02,68.83,64.99,C
shaurya.das1125@gmail.com,Shaurya Das,STU101125,D,Male,21,Business,12.2,72.02,51.52,65.79,54.63,55.6,54.31,69.38,60.65,C
navya.verma1126@gmail.com,Navya Verma,STU101126,B,Female,19,Engineering,27.4,84.99,66.52,74.92,88.11,73.68,63.22,83.87,76.41,B
sara.verma1127@gmail.com,Sara Verma,STU101127,B,Female,23,Mathematics,19.5,82.25,55.08,71.27,72.91,61.71,53.14,80.18,68.4,C
ira.das1128@gmail.com,Ira Das,STU101128,B,Female,24,Mathematics,29.0,90.1,68.81,71.12,80.9,74.97,55.15,88.04,75.3,B
aarav.gupta1129@gmail.com,Aarav Gupta,STU101129,C,Female,20,CS,30.0,91.23,71.54,74.43,86.78,71.9,60.37,92.14,78.2,B
riya.chatterjee1130@gmail.com,Riya Chatterjee,STU101130,D,Male,23,CS,24.9,86.7,60.24,78.11,73.95,69.18,60.52,88.07,74.0,B
myra.gupta1131@gmail.com,Myra Gupta,STU101131,B,Female,20,Engineering,20.0,80.92,50.3,66.89,71.1,58.67,42.36,68.22,63.69,C
sara.patel1132@gmail.com,Sara Patel,STU101132,A,Female,23,Engineering,16.0,76.31,59.78,53.19,67.78,65.6,51.86,71.51,62.01,C
ishita.singh1133@gmail.com,Ishita Singh,STU101133,C,Male,20,CS,16.2,79.56,61.87,67.31,72.56,63.17,50.9,68.82,67.15,C
ira.singh1134@gmail.com,Ira Singh,STU101134,D,Female,22,CS,17.2,78.46,62.86,70.44,75.12,58.23,45.41,71.63,68.07,C
reyansh.singh1135@gmail.com,Reyansh Singh,STU101135,A,Male,17,Business,17.8,73.95,51.13,66.49,64.4,62.22,47.0,76.69,63.47,C
diya.chatterjee1136@gmail.com,Diya Chatterjee,STU101136,B,Female,19,Business,23.2,82.57,55.03,68.61,81.24,60.1,55.18,86.97,69.5,C
krishna.kumar1137@gmail.com,Krishna Kumar,STU101137,D,Female,24,CS,24.6,81.96,57.66,62.04,78.14,61.13,55.92,89.56,67.93,C
anika.verma1138@gmail.com,Anika Verma,STU101138,B,Female,21,Mathematics,16.6,76.52,57.9,68.03,66.87,65.94,49.91,68.82,65.64,C
arjun.patel1139@gmail.com,Arjun Patel,STU101139,D,Female,22,CS,18.4,78.73,51.41,59.29,75.73,65.57,52.42,78.26,64.3,C
sara.iyer1140@gmail.com,Sara Iyer,STU101140,D,Male,19,Engineering,23.6,84.27,66.35,70.48,71.55,67.58,50.11,76.56,70.49,B
aarav.das1141@gmail.com,Aarav Das,STU101141,A,Female,17,Mathematics,21.9,82.47,62.12,62.8,67.67,66.74,55.28,77.24,66.82,C
reyansh.iyer1142@gmail.com,Reyansh Iyer,STU101142,C,Male,24,Business,17.2,74.76,60.51,56.76,62.63,69.86,51.93,75.56,63.14,C
myra.gupta1143@gmail.com,Myra Gupta,STU101143,A,Female,21,Mathematics,11.8,70.19,57.13,53.31,65.93,65.1,46.77,69.9,60.17,C
aditya.das1144@gmail.com,Aditya Das,STU101144,D,Male,19,Engineering,17.0,76.6,56.68,56.65,66.29,57.08,50.68,77.46,61.92,C
krishna.das1145@gmail.com,Krishna Das,STU101145,D,Female,17,Mathematics,19.8,75.73,66.76,64.21,69.48,57.1,47.96,77.76,66.49,C
aditya.patel1146@gmail.com,Aditya Patel,STU101146,A,Female,23,Engineering,10.1,62.44,60.32,52.33,54.94,52.73,40.0,68.5,56.37,C
reyansh.das1147@gmail.com,Reyansh Das,STU101147,E,Male,18,Mathematics,24.5,87.16,69.1,70.03,72.63,67.23,51.81,80.97,71.85,B
ira.patel1148@gmail.com,Ira Patel,STU101148,C,Female,21,Business,15.9,71.61,51.03,66.95,73.85,63.54,46.28,71.71,64.37,C
vivaan.chatterjee1149@gmail.com,Vivaan Chatterjee,STU101149,D,Female,19,Business,18.9,77.62,60.9,65.33,66.74,68.7,46.73,78.74,66.63,C
riya.roy1150@gmail.com,Riya Roy,STU101150,D,Male,19,CS,13.9,73.41,54.52,56.87,66.03,64.95,53.56,70.3,61.42,C
sai.gupta1151@gmail.com,Sai Gupta,STU101151,E,Female,21,Engineering,16.7,78.46,53.4,63.71,65.7,66.18,49.22,74.58,64.03,C
vihaan.roy1152@gmail.com,Vihaan Roy,STU101152,E,Male,24,Engineering,24.8,86.06,64.08,78.15,77.92,64.18,55.43,86.56,74.4,B
reyansh.gupta1153@gmail.com,Reyansh Gupta,STU101153,B,Male,17,Mathematics,11.4,72.07,50.27,58.18,60.04,53.3,46.67,71.68,58.55,C
anika.singh1154@gmail.com,Anika Singh,STU101154,D,Female,19,Engineering,18.4,76.92,64.01,61.55,65.92,61.12,50.75,76.09,65.11,C
vihaan.gupta1155@gmail.com,Vihaan Gupta,STU101155,B,Female,21,CS,29.3,87.77,73.69,84.62,78.73,68.19,62.38,83.35,78.98,B
riya.singh1156@gmail.com,Riya Singh,STU101156,A,Female,20,Engineering,18.6,81.5,54.34,73.03,61.8,68.17,50.83,74.44,67.0,C
ishita.iyer1157@gmail.com,Ishita Iyer,STU101157,E,Female,20,Business,16.2,75.29,56.84,57.31,63.77,60.24,52.09,70.48,61.33,C
diya.chatterjee1158@gmail.com,Diya Chatterjee,STU101158,E,Male,23,CS,24.2,84.83,73.57,68.16,72.61,67.32,61.24,77.89,72.12,B
vihaan.gupta1159@gmail.com,Vihaan Gupta,STU101159,C,Male,18,CS,30.4,89.76,70.3,75.5,83.93,75.91,64.47,81.43,77.23,B
vivaan.iyer1160@gmail.com,Vivaan Iyer,STU101160,C,Male,24,CS,5.0,65.4,41.27,48.84,50.0,56.88,51.81,55.0,50.73,D
reyansh.gupta1161@gmail.com,Reyansh Gupta,STU101161,A,Male,17,CS,13.3,74.6,51.73,57.52,63.44,53.75,57.39,66.16,59.44,C
arjun.chatterjee1162@gmail.com,Arjun Chatterjee,STU101162,A,Male,22,Mathematics,21.1,78.65,68.42,67.95,74.73,66.97,53.89,72.56,69.79,C
ishaan.patel1163@gmail.com,Ishaan Patel,STU101163,B,Female,19,CS,24.8,85.27,72.43,79.2,75.58,67.12,56.15,83.93,76.02,B
aadhya.das1164@gmail.com,Aadhya Das,STU101164,A,Female,23,CS,22.7,85.29,55.75,69.56,68.95,72.11,65.95,78.23,69.22,C
sara.iyer1165@gmail.com,Sara Iyer,STU101165,C,Male,19,Business,18.6,80.36,60.14,71.66,67.0,64.06,52.45,78.31,68.47,C
ananya.gupta1166@gmail.com,Ananya Gupta,STU101166,A,Male,22,Mathematics,22.0,83.35,63.45,57.6,68.71,60.03,63.54,75.41,65.33,C
sara.kumar1167@gmail.com,Sara Kumar,STU101167,E,Female,20,Engineering,17.9,75.64,65.04,72.63,65.79,60.07,48.29,72.59,67.91,C
diya.sharma1168@gmail.com,Diya Sharma,STU101168,E,Male,17,CS,13.3,69.15,54.98,60.72,65.81,53.15,47.99,74.62,61.18,C
aarav.iyer1169@gmail.com,Aarav Iyer,STU101169,D,Male,18,Business,16.9,81.14,52.56,63.64,60.93,60.7,51.16,70.8,62.57,C
krishna.verma1170@gmail.com,Krishna Verma,STU101170,C,Male,20,Mathematics,10.5,67.86,46.13,56.99,67.97,62.5,56.03,70.79,59.43,C
vivaan.chatterjee1171@gmail.com,Vivaan Chatterjee,STU101171,D,Female,22,Engineering,25.9,88.81,68.96,63.37,79.16,66.85,57.63,86.27,71.76,B
ishita.patel1172@gmail.com,Ishita Patel,STU101172,D,Male,22,Mathematics,32.1,97.5,72.35,83.59,84.07,83.13,63.68,87.08,82.11,B
aadhya.roy1173@gmail.com,Aadhya Roy,STU101173,D,Male,20,CS,18.2,82.14,54.16,68.83,71.37,70.44,46.5,77.62,67.53,C
shaurya.chatterjee1174@gmail.com,Shaurya Chatterjee,STU101174,E,Male,19,Business,16.3,74.69,55.55,64.9,62.46,53.85,53.13,67.83,62.24,C
myra.sharma1175@gmail.com,Myra Sharma,STU101175,E,Male,20,Mathematics,13.9,74.94,52.1,60.85,65.45,51.66,49.91,66.79,60.33,C
vihaan.kumar1176@gmail.com,Vihaan Kumar,STU101176,E,Female,22,Business,21.3,81.85,68.02,65.2,72.05,60.13,62.86,79.82,69.29,C
krishna.roy1177@gmail.com,Krishna Roy,STU101177,D,Male,24,Engineering,22.2,82.09,66.34,60.6,75.12,66.92,50.55,81.97,68.34,C
aditya.patel1178@gmail.com,Aditya Patel,STU101178,D,Female,17,Business,16.6,70.98,55.04,62.48,69.48,62.64,45.97,79.99,63.83,C
vivaan.singh1179@gmail.com,Vivaan Singh,STU101179,D,Female,17,Business,16.2,78.91,56.52,58.12,71.56,67.6,45.87,67.55,63.17,C
aarav.sharma1180@gmail.com,Aarav Sharma,STU101180,E,Female,20,Business,5.4,67.63,43.03,45.0,53.9,51.1,46.6,58.82,50.28,D
ira.roy1181@gmail.com,Ira Roy,STU101181,C,Female,17,Mathematics,15.8,74.54,54.06,62.58,61.28,50.3,48.7,69.53,60.65,C
reyansh.patel1182@gmail.com,Reyansh Patel,STU101182,B,Male,17,Business,13.4,74.16,49.59,55.65,69.58,58.72,55.78,63.99,59.52,C
reyansh.sharma1183@gmail.com,Reyansh Sharma,STU101183,E,Male,21,Mathematics,13.6,75.12,59.18,55.7,63.83,59.66,47.44,70.37,61.01,C
aditya.gupta1184@gmail.com,Aditya Gupta,STU101184,B,Male,17,CS,16.6,74.27,54.75,70.94,64.18,68.65,51.07,71.72,65.88,C
sara.chatterjee1185@gmail.com,Sara Chatterjee,STU101185,B,Male,21,Mathematics,20.7,82.27,57.13,72.88,72.82,67.76,54.72,70.44,69.0,C
anika.singh1186@gmail.com,Anika Singh,STU101186,D,Female,23,Engineering,36.2,91.6,77.65,89.3,84.18,72.53,63.11,93.71,83.89,B
ishaan.verma1187@gmail.com,Ishaan Verma,STU101187,D,Female,23,Engineering,20.0,70.66,57.5,64.38,69.41,58.64,59.59,78.13,64.95,C
krishna.sharma1188@gmail.com,Krishna Sharma,STU101188,D,Male,17,CS,11.7,71.2,41.71,59.14,63.43,53.64,46.2,63.41,56.73,C
arjun.sharma1189@gmail.com,Arjun Sharma,STU101189,A,Male,22,Mathematics,26.0,93.66,63.88,73.89,90.88,66.67,58.43,76.95,75.23,B
vihaan.das1190@gmail.com,Vihaan Das,STU101190,E,Female,17,Engineering,12.3,70.86,58.19,52.47,62.31,67.52,49.98,72.32,60.29,C
sara.das1191@gmail.com,Sara Das,STU101191,E,Male,20,Mathematics,26.8,87.99,62.45,69.61,82.55,71.2,61.97,88.33,73.6,B
ananya.singh1192@gmail.com,Ananya Singh,STU101192,B,Male,17,Engineering,27.5,88.84,59.28,73.69,79.07,69.05,60.76,77.26,72.37,B
navya.chatterjee1193@gmail.com,Navya Chatterjee,STU101193,C,Male,23,Business,27.5,87.39,75.63,75.49,77.81,73.68,64.56,85.18,77.3,B
aditya.verma1194@gmail.com,Aditya Verma,STU101194,E,Male,23,Business,17.1,78.49,56.51,61.54,74.48,59.21,53.59,72.13,64.6,C
reyansh.verma1195@gmail.com,Reyansh Verma,STU101195,A,Female,21,CS,15.2,73.8,48.5,71.02,58.54,66.92,52.96,71.35,63.64,C
aadhya.chatterjee1196@gmail.com,Aadhya Chatterjee,STU101196,C,Male,17,CS,18.9,82.3,58.79,66.48,65.55,67.43,49.94,75.02,66.5,C
diya.iyer1197@gmail.com,Diya Iyer,STU101197,E,Male,19,Business,19.0,78.37,56.57,67.97,66.38,62.54,50.8,70.84,65.38,C
vivaan.kumar1198@gmail.com,Vivaan Kumar,STU101198,B,Female,19,Mathematics,26.2,83.27,71.97,79.09,81.47,73.88,62.31,83.18,77.49,B
riya.das1199@gmail.com,Riya Das,STU101199,B,Female,18,Engineering,27.4,82.17,62.16,75.08,80.52,73.0,51.87,84.35,73.58,B
myra.roy1200@gmail.com,Myra Roy,STU101200,A,Male,20,CS,13.4,71.09,55.26,47.64,65.66,57.18,42.2,63.16,56.45,C
reyansh.gupta1201@gmail.com,Reyansh Gupta,STU101201,D,Male,21,Business,29.4,88.41,72.81,86.85,73.6,63.15,55.56,86.88,78.28,B
reyansh.iyer1202@gmail.com,Reyansh Iyer,STU101202,A,Male,19,Business,18.0,74.78,52.51,69.06,69.5,68.22,66.15,82.13,67.47,C
arjun.iyer1203@gmail.com,Arjun Iyer,STU101203,B,Male,17,Engineering,14.3,71.57,49.94,63.8,62.45,65.8,58.46,69.78,62.13,C
vihaan.roy1204@gmail.com,Vihaan Roy,STU101204,B,Male,21,Engineering,31.0,88.12,72.31,81.24,84.63,75.74,68.03,88.52,80.17,B
ananya.chatterjee1205@gmail.com,Ananya Chatterjee,STU101205,B,Male,20,Business,26.3,85.12,73.17,81.5,71.02,71.31,66.47,83.08,77.01,B
ishita.kumar1206@gmail.com,Ishita Kumar,STU101206,A,Male,20,Engineering,16.2,77.19,46.66,59.46,61.17,54.89,56.14,71.19,59.48,C
aditya.sharma1207@gmail.com,Aditya Sharma,STU101207,D,Male,21,CS,14.4,78.32,52.32,61.1,67.1,64.1,57.7,74.79,63.47,C
myra.roy1208@gmail.com,Myra Roy,STU101208,A,Male,20,Business,22.8,80.02,64.74,70.58,69.57,71.22,55.51,81.55,70.61,B
myra.singh1209@gmail.com,Myra Singh,STU101209,B,Female,17,CS,19.2,79.3,52.29,67.22,71.24,58.87,42.88,65.13,63.79,C
anika.patel1210@gmail.com,Anika Patel,STU101210,E,Female,22,Business,23.2,83.82,67.63,60.34,69.95,72.6,54.89,81.09,68.62,C
anika.sharma1211@gmail.com,Anika Sharma,STU101211,E,Male,19,Engineering,18.8,83.92,62.51,59.33,75.65,62.6,53.64,75.25,66.51,C
riya.sharma1212@gmail.com,Riya Sharma,STU101212,B,Male,20,Mathematics,26.6,84.81,72.63,68.5,75.58,72.41,56.53,90.23,73.98,B
shaurya.iyer1213@gmail.com,Shaurya Iyer,STU101213,E,Female,22,CS,14.2,80.45,46.68,60.61,62.65,62.93,65.18,65.0,61.01,C
ananya.iyer1214@gmail.com,Ananya Iyer,STU101214,B,Female,23,Engineering,22.3,81.39,59.92,72.91,77.67,60.05,50.54,75.79,69.76,C
ira.verma1215@gmail.com,Ira Verma,STU101215,B,Female,21,Business,21.0,76.38,53.21,72.54,61.57,59.73,58.56,68.97,65.07,C
myra.das1216@gmail.com,Myra Das,STU101216,C,Female,22,Engineering,19.0,82.88,54.28,68.11,65.89,62.72,40.26,70.35,64.78,C
vivaan.iyer1217@gmail.com,Vivaan Iyer,STU101217,B,Male,24,Engineering,21.6,82.3,68.78,65.24,69.39,61.04,60.65,75.56,68.66,C
aarav.kumar1218@gmail.com,Aarav Kumar,STU101218,D,Female,22,CS,21.9,79.2,54.33,68.03,75.15,66.15,55.78,79.69,67.84,C
aadhya.gupta1219@gmail.com,Aadhya Gupta,STU101219,C,Male,22,CS,29.0,89.35,59.44,66.8,79.71,64.85,50.39,88.5,70.67,B
aarav.gupta1220@gmail.com,Aarav Gupta,STU101220,A,Male,21,Business,6.1,63.22,52.3,46.04,55.91,45.94,55.76,59.95,52.36,D
navya.patel1221@gmail.com,Navya Patel,STU101221,E,Male,22,Engineering,14.0,81.75,56.83,66.41,67.28,58.87,54.97,73.96,65.59,C
shaurya.gupta1222@gmail.com,Shaurya Gupta,STU101222,B,Male,17,CS,15.1,78.38,61.03,57.38,65.5,54.01,55.31,72.7,62.52,C
myra.verma1223@gmail.com,Myra Verma,STU101223,C,Female,17,Mathematics,9.5,71.18,48.93,59.49,59.31,49.65,52.75,62.39,57.49,C
diya.verma1224@gmail.com,Diya Verma,STU101224,B,Male,23,Engineering,13.2,68.61,60.12,56.91,62.81,51.63,55.69,69.82,60.31,C
anika.roy1225@gmail.com,Anika Roy,STU101225,A,Female,21,Engineering,16.1,79.59,44.09,58.61,62.0,60.75,56.27,67.23,59.27,C
ananya.kumar1226@gmail.com,Ananya Kumar,STU101226,A,Female,24,Engineering,11.6,74.79,46.27,55.43,64.36,51.36,46.52,70.11,57.49,C
ishita.patel1227@gmail.com,Ishita Patel,STU101227,B,Female,17,Engineering,21.3,82.83,63.43,63.87,69.86,61.34,46.38,76.32,66.69,C
vihaan.roy1228@gmail.com,Vihaan Roy,STU101228,B,Male,20,Business,31.2,90.89,69.22,76.84,84.77,72.51,59.84,90.79,78.02,B
ira.roy1229@gmail.com,Ira Roy,STU101229,A,Male,18,Engineering,26.0,84.35,68.08,78.07,75.15,67.43,59.58,92.78,75.75,B
ishita.gupta1230@gmail.com,Ishita Gupta,STU101230,A,Male,24,Engineering,29.2,86.72,72.15,76.55,79.9,76.36,60.64,84.5,77.17,B
aadhya.singh1231@gmail.com,Aadhya Singh,STU101231,A,Male,18,Engineering,24.1,82.74,62.87,61.27,66.7,71.7,52.78,81.61,67.2,C
ishita.chatterjee1232@gmail.com,Ishita Chatterjee,STU101232,A,Female,17,CS,22.7,75.59,65.87,71.87,78.11,58.94,59.14,86.99,71.56,B
aadhya.singh1233@gmail.com,Aadhya Singh,STU101233,D,Male,21,Business,25.8,86.25,60.56,74.2,66.83,68.32,45.66,80.56,70.19,B
aadhya.gupta1234@gmail.com,Aadhya Gupta,STU101234,C,Female,17,Engineering,17.2,79.64,51.39,63.92,72.87,59.78,48.56,73.69,64.12,C
shaurya.kumar1235@gmail.com,Shaurya Kumar,STU101235,D,Male,22,CS,29.3,88.52,73.43,80.22,77.5,75.48,61.56,97.24,79.58,B
vihaan.verma1236@gmail.com,Vihaan Verma,STU101236,D,Male,19,Business,15.3,71.88,49.92,55.88,67.79,61.29,43.57,73.43,59.76,C
krishna.chatterjee1237@gmail.com,Krishna Chatterjee,STU101237,D,Male,19,CS,16.2,76.52,59.82,63.74,69.78,60.06,49.23,73.85,65.06,C
reyansh.gupta1238@gmail.com,Reyansh Gupta,STU101238,A,Male,24,Mathematics,27.7,90.65,64.12,76.22,77.6,68.41,53.19,94.08,75.3,B
krishna.gupta1239@gmail.com,Krishna Gupta,STU101239,B,Male,24,CS,23.8,83.14,72.86,64.76,73.64,69.49,60.99,85.43,71.9,B
sai.verma1240@gmail.com,Sai Verma,STU101240,D,Male,19,Mathematics,20.7,81.57,58.63,61.85,78.17,56.11,45.16,71.92,65.22,C
ira.kumar1241@gmail.com,Ira Kumar,STU101241,E,Female,22,Engineering,23.3,79.81,59.04,64.97,74.33,61.97,55.46,84.53,67.85,C
myra.singh1242@gmail.com,Myra Singh,STU101242,A,Male,17,Business,23.1,88.09,54.88,63.44,73.27,68.32,60.04,82.19,67.86,C
sara.iyer1243@gmail.com,Sara Iyer,STU101243,A,Female,19,Mathematics,34.1,95.28,80.35,82.35,87.15,70.35,59.81,93.9,82.79,B
sara.roy1244@gmail.com,Sara Roy,STU101244,B,Male,19,Engineering,22.9,85.81,53.31,67.1,68.82,63.31,58.41,83.35,67.28,C
ishita.gupta1245@gmail.com,Ishita Gupta,STU101245,A,Female,19,Business,30.0,87.48,61.96,79.79,77.4,75.85,62.31,84.63,75.85,B
diya.gupta1246@gmail.com,Diya Gupta,STU101246,A,Female,19,Engineering,24.6,84.96,68.99,77.76,66.12,70.56,55.04,85.78,73.92,B
navya.sharma1247@gmail.com,Navya Sharma,STU101247,A,Female,20,CS,19.7,78.31,60.9,75.07,75.68,58.48,63.05,81.9,71.07,B
ira.chatterjee1248@gmail.com,Ira Chatterjee,STU101248,C,Male,24,Mathematics,21.1,86.35,60.56,68.91,74.75,59.61,62.62,77.23,69.45,C
sara.singh1249@gmail.com,Sara Singh,STU101249,E,Female,19,Engineering,29.1,94.07,57.88,75.64,76.37,67.41,60.11,86.48,73.52,B
myra.singh1250@gmail.com,Myra Singh,STU101250,D,Male,20,Business,28.2,84.71,67.6,70.92,81.57,72.55,56.65,95.11,75.1,B
ishita.iyer1251@gmail.com,Ishita Iyer,STU101251,E,Male,24,Business,13.2,75.92,61.57,55.49,65.0,53.67,51.58,70.98,61.35,C
arjun.singh1252@gmail.com,Arjun Singh,STU101252,B,Male,22,Business,19.0,78.89,65.89,67.81,70.05,59.52,55.67,76.83,68.34,C
riya.chatterjee1253@gmail.com,Riya Chatterjee,STU101253,E,Female,24,CS,16.0,73.34,46.24,60.8,72.43,60.65,46.12,72.54,61.31,C
vivaan.iyer1254@gmail.com,Vivaan Iyer,STU101254,C,Female,23,Mathematics,6.3,69.63,49.99,60.95,60.78,57.35,40.0,57.01,57.8,C
aarav.gupta1255@gmail.com,Aarav Gupta,STU101255,D,Male,21,Engineering,26.5,90.31,57.45,77.65,77.9,64.61,58.38,81.02,72.98,B
ishaan.sharma1256@gmail.com,Ishaan Sharma,STU101256,C,Female,22,CS,29.4,87.9,74.35,75.0,80.09,75.93,61.65,86.65,77.52,B
aadhya.gupta1257@gmail.com,Aadhya Gupta,STU101257,D,Female,23,CS,21.1,81.68,71.25,72.88,64.92,62.82,64.08,75.04,71.01,B
aditya.verma1258@gmail.com,Aditya Verma,STU101258,A,Male,24,CS,32.3,90.23,69.63,79.57,83.33,75.51,59.67,98.42,79.7,B
shaurya.patel1259@gmail.com,Shaurya Patel,STU101259,A,Female,22,Mathematics,21.5,77.54,63.6,71.32,66.22,64.94,52.91,76.21,68.56,C
reyansh.chatterjee1260@gmail.com,Reyansh Chatterjee,STU101260,A,Female,22,Engineering,20.2,76.97,62.55,61.43,79.36,59.95,55.86,74.53,66.78,C
ananya.patel1261@gmail.com,Ananya Patel,STU101261,B,Male,24,CS,21.5,83.46,65.54,77.91,69.61,58.65,47.95,76.7,71.2,B
anika.das1262@gmail.com,Anika Das,STU101262,A,Male,24,Mathematics,26.7,87.56,63.66,74.16,86.43,76.82,54.11,82.83,75.37,B
ishita.patel1263@gmail.com,Ishita Patel,STU101263,D,Male,18,Engineering,28.9,83.96,73.68,85.07,72.05,81.55,58.54,85.43,79.08,B
ira.kumar1264@gmail.com,Ira Kumar,STU101264,B,Male,21,Business,27.6,85.56,70.52,77.4,80.38,69.46,55.22,85.46,76.19,B
krishna.sharma1265@gmail.com,Krishna Sharma,STU101265,B,Female,23,CS,22.4,88.76,59.39,65.99,68.64,72.66,56.25,81.97,69.12,C
myra.roy1266@gmail.com,Myra Roy,STU101266,C,Female,20,Mathematics,19.5,75.97,58.09,62.55,60.11,67.71,40.2,79.4,63.72,C
arjun.kumar1267@gmail.com,Arjun Kumar,STU101267,C,Female,20,Engineering,17.6,74.05,54.68,52.84,63.65,58.0,58.16,72.71,59.72,C
ananya.singh1268@gmail.com,Ananya Singh,STU101268,C,Male,24,Engineering,26.4,87.68,72.88,62.07,78.73,61.56,66.3,84.68,71.71,B
sai.gupta1269@gmail.com,Sai Gupta,STU101269,B,Male,19,Mathematics,9.5,72.5,45.68,57.5,62.06,52.59,47.39,65.31,57.11,C
ishita.roy1270@gmail.com,Ishita Roy,STU101270,C,Female,19,Business,19.8,80.89,62.76,70.89,68.74,59.02,57.16,79.57,68.94,C
diya.iyer1271@gmail.com,Diya Iyer,STU101271,A,Female,20,Business,17.5,80.32,58.28,70.02,64.84,62.07,44.61,69.58,65.82,C
ishita.verma1272@gmail.com,Ishita Verma,STU101272,D,Male,17,Engineering,26.7,90.31,68.07,79.97,77.01,66.48,63.79,89.38,76.97,B
diya.gupta1273@gmail.com,Diya Gupta,STU101273,B,Female,19,Mathematics,12.4,73.96,54.57,61.4,60.76,57.28,53.77,69.89,61.25,C
ishaan.singh1274@gmail.com,Ishaan Singh,STU101274,D,Male,20,CS,25.0,82.96,65.71,76.81,77.96,63.94,74.87,83.8,74.69,B
arjun.verma1275@gmail.com,Arjun Verma,STU101275,D,Female,17,CS,21.6,80.86,62.53,60.59,69.84,62.17,58.37,78.08,66.19,C
ishita.chatterjee1276@gmail.com,Ishita Chatterjee,STU101276,A,Male,21,Engineering,16.5,77.63,59.19,62.38,64.55,58.05,60.32,70.33,63.85,C
myra.chatterjee1277@gmail.com,Myra Chatterjee,STU101277,D,Male,17,Business,19.3,79.56,54.94,72.92,70.65,66.6,51.55,77.22,68.38,C
sara.singh1278@gmail.com,Sara Singh,STU101278,C,Male,23,CS,33.7,92.89,79.02,74.87,83.34,68.97,60.16,98.07,79.77,B
sara.das1279@gmail.com,Sara Das,STU101279,E,Female,17,Business,27.1,88.71,61.75,74.21,78.96,66.36,48.18,84.05,72.78,B
diya.chatterjee1280@gmail.com,Diya Chatterjee,STU101280,A,Male,17,Mathematics,27.3,87.16,64.73,68.27,76.47,70.0,61.15,85.82,72.25,B
krishna.das1281@gmail.com,Krishna Das,STU101281,A,Male,18,CS,27.8,88.84,66.55,70.73,76.71,74.01,59.17,81.28,73.41,B
aditya.sharma1282@gmail.com,Aditya Sharma,STU101282,B,Male,24,CS,6.6,68.78,48.22,51.52,52.02,47.95,52.53,55.0,52.7,D
krishna.singh1283@gmail.com,Krishna Singh,STU101283,E,Female,18,Business,15.1,72.74,61.69,64.93,63.33,53.41,55.58,66.39,63.35,C
aditya.singh1284@gmail.com,Aditya Singh,STU101284,B,Female,21,Engineering,15.9,77.72,60.23,60.92,65.79,60.21,43.19,70.03,63.15,C
ishita.singh1285@gmail.com,Ishita Singh,STU101285,B,Male,20,CS,31.0,90.53,69.16,73.79,75.67,68.57,68.97,92.01,75.88,B
ishita.verma1286@gmail.com,Ishita Verma,STU101286,C,Male,18,Mathematics,13.9,73.81,57.74,56.75,59.98,62.41,46.95,70.27,60.57,C
reyansh.verma1287@gmail.com,Reyansh Verma,STU101287,C,Male,21,Mathematics,20.3,82.75,56.99,65.53,64.27,68.94,51.09,80.28,66.45,C
reyansh.gupta1288@gmail.com,Reyansh Gupta,STU101288,E,Male,24,CS,18.0,79.94,51.03,70.57,72.44,54.37,51.23,77.3,65.96,C
myra.verma1289@gmail.com,Myra Verma,STU101289,D,Male,23,Business,32.9,97.06,74.83,81.79,87.01,76.14,65.39,92.71,82.42,B
ananya.gupta1290@gmail.com,Ananya Gupta,STU101290,B,Male,17,Business,24.3,84.75,62.12,68.27,73.58,63.5,60.14,73.77,69.15,C
ananya.iyer1291@gmail.com,Ananya Iyer,STU101291,D,Male,21,Mathematics,16.6,73.24,63.61,65.52,66.34,61.28,71.12,71.97,66.53,C
anika.patel1292@gmail.com,Anika Patel,STU101292,B,Male,22,Mathematics,24.9,89.62,70.6,71.29,76.62,76.73,47.58,79.01,73.92,B
krishna.kumar1293@gmail.com,Krishna Kumar,STU101293,E,Female,22,Business,6.9,66.26,40.73,53.05,50.0,56.45,46.71,57.05,51.87,D
aadhya.chatterjee1294@gmail.com,Aadhya Chatterjee,STU101294,C,Male,17,CS,23.1,76.38,72.1,70.65,72.02,64.17,59.39,80.33,71.48,B
ananya.patel1295@gmail.com,Ananya Patel,STU101295,C,Male,17,Mathematics,25.9,87.96,73.42,67.88,78.43,75.28,52.97,82.9,74.07,B
riya.gupta1296@gmail.com,Riya Gupta,STU101296,D,Female,20,Mathematics,31.9,91.67,69.75,82.72,78.48,73.72,55.69,95.5,79.41,B
ishaan.chatterjee1297@gmail.com,Ishaan Chatterjee,STU101297,B,Female,24,Business,31.1,93.8,76.82,79.13,78.42,67.69,60.87,85.93,78.65,B
aarav.singh1298@gmail.com,Aarav Singh,STU101298,B,Female,24,Engineering,27.2,85.57,58.42,76.07,79.73,62.01,46.39,84.01,71.94,B
aditya.kumar1299@gmail.com,Aditya Kumar,STU101299,E,Male,24,Mathematics,18.9,80.56,65.11,70.0,71.39,63.01,40.0,68.45,67.93,C
aarav.chatterjee1300@gmail.com,Aarav Chatterjee,STU101300,C,Female,17,Engineering,11.3,73.88,48.38,49.44,66.43,61.18,40.0,71.08,57.09,C
ira.verma1301@gmail.com,Ira Verma,STU101301,E,Male,24,Engineering,16.0,80.13,52.35,61.96,79.79,58.14,61.27,68.48,64.77,C
aditya.chatterjee1302@gmail.com,Aditya Chatterjee,STU101302,E,Male,23,Mathematics,23.8,85.09,64.4,72.92,76.22,65.14,58.45,72.9,71.43,B
diya.das1303@gmail.com,Diya Das,STU101303,D,Male,21,Mathematics,31.1,86.41,65.91,80.34,88.27,85.58,47.21,83.82,78.47,B
krishna.singh1304@gmail.com,Krishna Singh,STU101304,B,Male,19,CS,18.7,82.63,60.83,76.71,75.9,61.45,40.0,81.31,71.1,B
ishaan.chatterjee1305@gmail.com,Ishaan Chatterjee,STU101305,D,Male,18,Business,22.7,85.14,60.13,68.42,69.73,63.23,57.84,82.13,68.95,C
sai.sharma1306@gmail.com,Sai Sharma,STU101306,C,Male,23,Business,18.6,74.4,57.12,61.24,74.11,67.84,53.58,77.79,65.59,C
ananya.das1307@gmail.com,Ananya Das,STU101307,A,Female,24,CS,17.9,84.55,56.41,57.89,62.2,62.61,47.74,70.71,62.15,C
ishaan.roy1308@gmail.com,Ishaan Roy,STU101308,C,Male,22,Engineering,21.1,77.75,68.46,72.97,69.04,57.82,58.58,78.04,70.23,B
aditya.iyer1309@gmail.com,Aditya Iyer,STU101309,D,Female,19,Engineering,18.7,78.05,56.79,69.56,71.61,61.66,55.31,70.78,66.78,C
sai.roy1310@gmail.com,Sai Roy,STU101310,D,Male,23,Business,18.4,79.19,55.66,56.21,71.27,67.74,52.08,71.31,63.11,C
aadhya.roy1311@gmail.com,Aadhya Roy,STU101311,B,Male,18,Engineering,15.6,76.54,56.22,60.06,73.81,56.8,54.94,76.15,64.03,C
diya.iyer1312@gmail.com,Diya Iyer,STU101312,B,Female,20,Mathematics,12.0,77.15,45.51,59.81,62.48,61.68,40.0,71.11,59.41,C
krishna.roy1313@gmail.com,Krishna Roy,STU101313,C,Female,18,Mathematics,25.9,87.84,70.97,65.01,67.93,63.41,60.22,82.81,70.3,B
riya.gupta1314@gmail.com,Riya Gupta,STU101314,B,Female,24,Mathematics,9.9,71.71,52.57,55.57,58.54,56.51,50.2,65.72,57.87,C
ishita.das1315@gmail.com,Ishita Das,STU101315,B,Female,18,CS,21.5,85.87,64.81,61.91,70.15,63.23,54.99,75.43,67.26,C
aarav.gupta1316@gmail.com,Aarav Gupta,STU101316,B,Male,19,CS,22.1,85.42,58.97,64.73,70.26,55.7,47.21,79.75,66.2,C
sai.patel1317@gmail.com,Sai Patel,STU101317,E,Female,20,CS,16.8,76.82,53.68,56.98,55.05,56.29,40.85,76.03,59.04,C
ishaan.iyer1318@gmail.com,Ishaan Iyer,STU101318,D,Female,23,Mathematics,16.8,72.87,55.36,55.39,69.89,60.88,49.92,77.96,61.84,C
ishaan.sharma1319@gmail.com,Ishaan Sharma,STU101319,A,Male,24,Engineering,26.8,87.55,58.39,81.06,74.03,78.57,61.37,82.14,75.0,B
anika.iyer1320@gmail.com,Anika Iyer,STU101320,E,Female,24,Mathematics,13.9,78.36,53.83,60.57,67.25,73.91,46.98,77.39,64.34,C
ananya.das1321@gmail.com,Ananya Das,STU101321,B,Male,24,Mathematics,27.1,92.59,70.75,66.09,75.54,55.16,54.23,90.88,71.88,B
vivaan.sharma1322@gmail.com,Vivaan Sharma,STU101322,B,Female,19,Mathematics,21.7,87.95,69.01,63.42,67.24,60.97,56.54,91.43,69.78,C
aditya.patel1323@gmail.com,Aditya Patel,STU101323,A,Male,20,Mathematics,20.9,82.69,61.51,63.25,71.14,66.54,55.49,77.15,67.36,C
ananya.das1324@gmail.com,Ananya Das,STU101324,C,Male,18,Mathematics,21.9,87.87,55.98,70.78,68.79,62.41,50.76,74.71,67.79,C
sai.patel1325@gmail.com,Sai Patel,STU101325,C,Female,23,Mathematics,19.6,74.74,63.63,70.69,66.78,60.64,51.58,74.77,67.54,C
vivaan.sharma1326@gmail.com,Vivaan Sharma,STU101326,A,Female,18,CS,21.8,76.37,58.23,68.76,73.14,64.65,46.53,75.67,67.24,C
arjun.sharma1327@gmail.com,Arjun Sharma,STU101327,D,Male,18,Business,20.0,78.43,49.7,73.44,65.7,64.86,49.0,78.21,66.43,C
myra.kumar1328@gmail.com,Myra Kumar,STU101328,A,Female,20,Engineering,17.0,76.65,59.26,57.22,70.04,64.97,49.67,75.91,63.76,C
aarav.kumar1329@gmail.com,Aarav Kumar,STU101329,C,Female,18,Mathematics,16.6,77.73,50.56,71.42,70.23,46.19,57.3,79.1,65.24,C
riya.roy1330@gmail.com,Riya Roy,STU101330,E,Male,17,Business,13.6,72.93,56.71,57.32,65.2,56.63,51.01,74.1,61.24,C
ananya.kumar1331@gmail.com,Ananya Kumar,STU101331,C,Male,24,Mathematics,8.4,72.93,48.4,58.72,64.16,45.0,40.0,63.96,57.11,C
vihaan.gupta1332@gmail.com,Vihaan Gupta,STU101332,E,Female,23,Engineering,23.5,86.43,65.14,73.39,74.2,77.05,70.25,73.91,73.43,B
shaurya.das1333@gmail.com,Shaurya Das,STU101333,B,Male,23,Mathematics,18.6,80.72,54.7,66.34,68.5,57.14,53.31,66.94,64.26,C
aadhya.iyer1334@gmail.com,Aadhya Iyer,STU101334,C,Female,24,Mathematics,18.4,76.91,56.35,67.29,68.89,75.98,55.6,75.77,67.44,C
sara.gupta1335@gmail.com,Sara Gupta,STU101335,D,Male,18,CS,7.5,67.46,47.88,59.55,54.41,45.74,47.37,58.95,55.18,C
sai.verma1336@gmail.com,Sai Verma,STU101336,A,Male,21,Engineering,11.9,70.17,49.07,64.7,64.21,52.11,40.0,71.87,60.27,C
ishaan.chatterjee1337@gmail.com,Ishaan Chatterjee,STU101337,E,Male,17,CS,24.5,86.76,73.75,69.44,70.12,71.76,61.26,83.06,73.32,B
sara.patel1338@gmail.com,Sara Patel,STU101338,E,Male,23,Business,24.4,81.77,71.31,64.68,81.99,59.58,50.01,87.57,71.36,B
arjun.das1339@gmail.com,Arjun Das,STU101339,C,Male,24,CS,12.0,65.0,53.61,57.33,64.5,57.52,48.96,61.37,58.43,C
aadhya.patel1340@gmail.com,Aadhya Patel,STU101340,D,Male,20,Mathematics,14.0,72.73,46.92,53.84,63.7,60.44,49.39,68.71,57.75,C
aarav.verma1341@gmail.com,Aarav Verma,STU101341,B,Male,18,Mathematics,22.6,83.94,66.96,65.74,76.32,60.36,55.06,83.29,70.08,B
riya.gupta1342@gmail.com,Riya Gupta,STU101342,B,Male,19,CS,21.4,82.93,58.66,63.7,70.78,62.3,52.26,72.67,65.86,C
shaurya.verma1343@gmail.com,Shaurya Verma,STU101343,C,Female,19,Engineering,12.3,73.08,53.43,58.08,57.58,55.54,51.64,70.53,59.24,C
krishna.chatterjee1344@gmail.com,Krishna Chatterjee,STU101344,A,Female,19,Mathematics,16.9,70.5,48.38,64.73,67.54,54.2,67.27,75.64,62.62,C
sai.roy1345@gmail.com,Sai Roy,STU101345,E,Male,21,Business,32.8,94.09,71.73,80.08,78.1,70.58,70.16,95.81,79.64,B
anika.sharma1346@gmail.com,Anika Sharma,STU101346,E,Female,19,Mathematics,25.8,88.1,74.38,77.26,77.03,67.42,62.42,83.32,76.61,B
ananya.roy1347@gmail.com,Ananya Roy,STU101347,A,Male,17,Business,17.0,76.24,53.47,70.52,65.66,56.29,47.58,70.9,64.42,C
vivaan.roy1348@gmail.com,Vivaan Roy,STU101348,B,Female,17,CS,24.5,84.3,69.65,77.83,74.54,61.49,55.27,84.33,74.23,B
myra.patel1349@gmail.com,Myra Patel,STU101349,A,Female,21,Engineering,16.9,81.46,59.04,72.32,68.16,66.34,49.29,71.34,68.1,C
aarav.singh1350@gmail.com,Aarav Singh,STU101350,C,Male,24,Mathematics,19.3,79.44,55.67,70.67,71.66,67.99,60.69,77.88,68.65,C
reyansh.singh1351@gmail.com,Reyansh Singh,STU101351,C,Male,24,CS,21.4,79.84,61.68,69.79,76.2,62.96,70.91,80.7,70.6,B
riya.roy1352@gmail.com,Riya Roy,STU101352,A,Male,18,Engineering,22.6,83.75,60.13,62.69,76.84,64.94,47.31,84.28,68.02,C
diya.roy1353@gmail.com,Diya Roy,STU101353,A,Female,24,Business,19.6,81.71,56.79,68.78,67.64,61.83,64.47,77.1,67.43,C
krishna.das1354@gmail.com,Krishna Das,STU101354,D,Male,21,Business,10.5,72.76,56.9,61.25,61.33,58.99,47.4,64.65,60.96,C
krishna.verma1355@gmail.com,Krishna Verma,STU101355,B,Female,22,Mathematics,13.9,73.0,59.03,62.72,60.6,56.33,51.91,72.0,62.44,C
reyansh.iyer1356@gmail.com,Reyansh Iyer,STU101356,A,Male,18,Business,16.9,78.19,53.77,61.5,72.4,56.14,42.64,66.37,62.27,C
sai.iyer1357@gmail.com,Sai Iyer,STU101357,B,Female,19,Engineering,21.8,87.53,60.23,69.78,62.09,68.05,53.54,80.27,68.56,C
navya.iyer1358@gmail.com,Navya Iyer,STU101358,E,Male,20,CS,26.1,91.36,71.52,70.83,72.01,63.3,55.76,84.3,73.04,B
sara.gupta1359@gmail.com,Sara Gupta,STU101359,C,Male,18,Business,26.6,81.9,65.51,73.69,74.21,72.07,61.68,84.43,73.27,B
aadhya.sharma1360@gmail.com,Aadhya Sharma,STU101360,A,Female,17,Business,21.2,80.39,55.44,72.25,68.67,63.76,53.11,84.13,68.55,C
aarav.verma1361@gmail.com,Aarav Verma,STU101361,B,Male,21,Mathematics,17.9,86.32,57.08,65.46,74.07,67.69,52.87,82.7,68.48,C
aadhya.singh1362@gmail.com,Aadhya Singh,STU101362,A,Female,17,Engineering,18.0,80.05,56.95,63.82,66.08,61.01,51.1,72.65,64.37,C
aditya.singh1363@gmail.com,Aditya Singh,STU101363,D,Female,19,Business,20.7,82.63,58.16,73.56,74.35,65.0,55.73,78.25,70.23,B
arjun.chatterjee1364@gmail.com,Arjun Chatterjee,STU101364,B,Female,24,Mathematics,14.4,70.39,59.29,61.39,61.37,64.36,47.17,71.17,62.43,C
anika.kumar1365@gmail.com,Anika Kumar,STU101365,B,Male,18,CS,15.6,76.4,60.71,64.08,64.41,65.02,62.38,70.1,65.3,C
reyansh.gupta1366@gmail.com,Reyansh Gupta,STU101366,D,Female,19,CS,21.6,79.97,61.58,63.68,68.09,61.1,51.35,75.33,65.84,C
riya.gupta1367@gmail.com,Riya Gupta,STU101367,C,Male,24,Business,20.5,85.91,56.39,69.64,70.7,63.8,53.16,81.15,68.52,C
anika.iyer1368@gmail.com,Anika Iyer,STU101368,A,Female,21,CS,16.1,74.88,57.22,62.26,62.75,66.86,58.81,63.61,63.01,C
anika.das1369@gmail.com,Anika Das,STU101369,E,Male,24,CS,29.6,87.1,66.5,77.79,76.6,72.82,62.79,92.14,76.47,B
sara.roy1370@gmail.com,Sara Roy,STU101370,B,Male,19,Engineering,21.4,85.33,69.84,58.99,80.79,58.5,60.33,76.38,68.82,C
krishna.das1371@gmail.com,Krishna Das,STU101371,D,Female,18,CS,8.5,67.65,46.01,65.96,55.85,55.07,49.4,65.12,58.63,C
ananya.sharma1372@gmail.com,Ananya Sharma,STU101372,D,Female,19,Mathematics,27.1,86.17,65.14,70.22,78.33,71.27,55.23,87.26,73.07,B
arjun.singh1373@gmail.com,Arjun Singh,STU101373,D,Male,19,Engineering,25.2,87.44,59.47,76.5,73.2,64.3,57.13,80.9,71.94,B
krishna.kumar1374@gmail.com,Krishna Kumar,STU101374,A,Male,19,CS,24.4,80.97,71.9,74.61,71.89,64.25,52.16,78.13,72.49,B
ishaan.gupta1375@gmail.com,Ishaan Gupta,STU101375,E,Female,17,Business,21.9,80.14,63.48,62.09,71.86,67.06,55.61,82.41,67.84,C
sai.verma1376@gmail.com,Sai Verma,STU101376,C,Female,21,Engineering,19.9,80.29,70.8,63.53,71.9,57.99,51.65,74.69,67.88,C
riya.verma1377@gmail.com,Riya Verma,STU101377,B,Male,18,Mathematics,29.4,93.16,71.91,83.16,84.53,80.82,67.59,84.93,81.28,B
aadhya.das1378@gmail.com,Aadhya Das,STU101378,C,Female,20,CS,24.4,85.18,62.97,69.06,71.53,74.7,50.93,78.16,70.39,B
navya.kumar1379@gmail.com,Navya Kumar,STU101379,A,Female,18,CS,16.6,79.99,53.73,69.54,65.65,46.02,51.65,67.91,63.43,C
aarav.das1380@gmail.com,Aarav Das,STU101380,C,Female,22,Mathematics,15.7,78.74,53.43,66.75,66.64,59.86,57.04,69.45,64.37,C
aditya.iyer1381@gmail.com,Aditya Iyer,STU101381,A,Male,20,CS,21.5,81.73,57.27,62.32,69.08,69.41,64.69,78.0,66.66,C
ira.sharma1382@gmail.com,Ira Sharma,STU101382,A,Male,18,CS,8.0,69.56,52.28,58.11,60.53,52.91,42.38,66.07,57.94,C
diya.das1383@gmail.com,Diya Das,STU101383,D,Female,21,Business,15.8,76.38,46.11,66.19,69.05,62.55,40.75,72.0,62.56,C
aadhya.iyer1384@gmail.com,Aadhya Iyer,STU101384,C,Male,20,Engineering,11.9,71.71,41.92,46.71,60.92,48.17,40.0,76.55,53.18,D
sai.das1385@gmail.com,Sai Das,STU101385,B,Male,22,Business,16.0,77.46,56.41,63.03,63.78,50.5,46.29,70.68,61.94,C
riya.sharma1386@gmail.com,Riya Sharma,STU101386,A,Female,21,Business,19.2,79.5,55.95,65.76,70.63,60.94,51.12,70.23,65.13,C
shaurya.patel1387@gmail.com,Shaurya Patel,STU101387,B,Female,18,Engineering,16.3,74.64,54.97,64.6,61.93,52.06,55.91,71.01,62.23,C
vivaan.patel1388@gmail.com,Vivaan Patel,STU101388,B,Male,20,Business,25.6,82.28,62.5,76.55,71.32,67.22,56.17,78.41,71.76,B
myra.chatterjee1389@gmail.com,Myra Chatterjee,STU101389,E,Male,22,Business,15.4,76.33,55.43,52.21,62.77,63.87,61.05,77.28,60.96,C
ishita.sharma1390@gmail.com,Ishita Sharma,STU101390,D,Female,20,Mathematics,18.9,78.67,57.45,65.19,65.26,60.02,58.13,74.4,65.05,C
anika.verma1391@gmail.com,Anika Verma,STU101391,A,Female,20,Mathematics,21.8,80.52,65.71,62.84,63.82,72.38,58.33,88.24,68.6,C
sara.patel1392@gmail.com,Sara Patel,STU101392,E,Female,24,Engineering,24.2,81.96,60.25,76.62,73.05,69.23,51.67,77.52,71.45,B
riya.patel1393@gmail.com,Riya Patel,STU101393,C,Male,21,Business,14.5,77.29,52.54,53.64,65.7,64.8,59.96,67.79,60.44,C
ananya.iyer1394@gmail.com,Ananya Iyer,STU101394,E,Female,18,Business,17.0,79.15,60.31,63.61,69.58,59.52,57.78,65.41,64.88,C
diya.kumar1395@gmail.com,Diya Kumar,STU101395,D,Male,23,CS,24.2,85.17,67.64,70.47,74.33,66.85,56.83,79.33,71.8,B
krishna.kumar1396@gmail.com,Krishna Kumar,STU101396,C,Female,22,Engineering,14.6,74.48,56.44,61.08,64.55,53.86,61.42,67.7,61.97,C
riya.verma1397@gmail.com,Riya Verma,STU101397,D,Male,20,Engineering,24.4,81.2,68.74,74.08,75.42,70.27,61.7,76.61,73.18,B
vihaan.roy1398@gmail.com,Vihaan Roy,STU101398,C,Female,19,Engineering,34.6,92.14,70.53,79.51,83.57,84.9,59.54,97.84,80.96,B
vivaan.singh1399@gmail.com,Vivaan Singh,STU101399,D,Female,17,Mathematics,29.9,84.92,70.46,82.7,82.36,70.79,64.65,87.53,78.82,B
ishaan.kumar1400@gmail.com,Ishaan Kumar,STU101400,D,Female,21,Mathematics,24.3,88.11,69.29,64.14,73.29,66.96,68.56,80.18,71.05,B
anika.iyer1401@gmail.com,Anika Iyer,STU101401,D,Male,19,Business,18.5,80.74,50.94,61.63,62.43,61.97,49.27,69.07,61.68,C
reyansh.das1402@gmail.com,Reyansh Das,STU101402,A,Female,24,Engineering,22.0,78.16,65.48,66.83,75.05,61.74,65.05,80.4,69.68,C
ananya.sharma1403@gmail.com,Ananya Sharma,STU101403,B,Male,19,Business,31.8,88.9,73.41,88.69,82.23,80.43,64.56,95.9,83.37,B
aditya.gupta1404@gmail.com,Aditya Gupta,STU101404,B,Male,24,Engineering,16.7,74.29,54.25,66.88,70.21,53.83,53.1,69.45,63.86,C
arjun.kumar1405@gmail.com,Arjun Kumar,STU101405,C,Female,23,Engineering,13.2,72.71,46.72,57.04,57.4,64.29,50.18,74.75,58.75,C
anika.gupta1406@gmail.com,Anika Gupta,STU101406,B,Male,21,Engineering,23.3,87.34,53.24,71.03,76.41,64.81,51.65,81.01,69.32,C
riya.kumar1407@gmail.com,Riya Kumar,STU101407,E,Female,19,Business,22.8,85.99,62.97,81.21,79.49,70.02,51.05,80.44,75.08,B
arjun.das1408@gmail.com,Arjun Das,STU101408,E,Male,20,CS,5.0,66.67,43.18,49.13,53.84,58.23,44.06,65.05,52.65,D
reyansh.sharma1409@gmail.com,Reyansh Sharma,STU101409,B,Male,17,CS,22.4,76.53,63.49,70.88,71.74,59.61,62.73,81.7,69.64,C
reyansh.singh1410@gmail.com,Reyansh Singh,STU101410,D,Female,24,Business,20.0,77.09,65.19,69.32,70.19,52.25,50.29,79.19,67.73,C
vivaan.verma1411@gmail.com,Vivaan Verma,STU101411,B,Female,20,CS,7.8,65.68,52.25,50.09,56.86,53.22,45.94,63.38,54.53,D
sara.verma1412@gmail.com,Sara Verma,STU101412,D,Male,22,Engineering,34.5,97.05,71.97,77.04,91.23,77.31,58.8,93.48,80.92,B
ira.sharma1413@gmail.com,Ira Sharma,STU101413,B,Male,21,Engineering,17.7,75.66,55.09,67.21,72.21,65.24,53.52,73.93,66.17,C
aditya.roy1414@gmail.com,Aditya Roy,STU101414,D,Female,21,Business,20.7,84.17,65.48,65.19,80.51,60.34,64.8,69.37,69.36,C
myra.gupta1415@gmail.com,Myra Gupta,STU101415,A,Female,22,Engineering,14.8,72.38,54.87,60.26,64.55,53.17,54.52,76.85,61.7,C
arjun.sharma1416@gmail.com,Arjun Sharma,STU101416,A,Male,17,Engineering,10.6,69.87,49.99,50.97,68.12,60.44,40.0,72.36,57.77,C
reyansh.gupta1417@gmail.com,Reyansh Gupta,STU101417,C,Female,18,Mathematics,17.6,74.03,69.62,62.1,71.39,64.47,55.33,70.24,66.9,C
arjun.patel1418@gmail.com,Arjun Patel,STU101418,D,Male,17,Mathematics,27.7,82.11,62.38,73.94,74.49,68.0,64.87,85.88,72.67,B
anika.chatterjee1419@gmail.com,Anika Chatterjee,STU101419,E,Male,21,Engineering,16.1,77.8,64.03,59.15,68.59,61.46,56.82,76.06,65.21,C
ishita.kumar1420@gmail.com,Ishita Kumar,STU101420,A,Male,20,Engineering,19.4,77.04,56.54,65.19,68.14,54.77,50.9,80.89,64.9,C
vihaan.das1421@gmail.com,Vihaan Das,STU101421,B,Male,20,Business,19.1,76.26,52.02,66.91,71.48,66.21,50.07,69.42,64.89,C
shaurya.singh1422@gmail.com,Shaurya Singh,STU101422,D,Male,20,CS,28.3,90.11,62.4,76.88,78.94,74.39,57.44,87.39,75.44,B
diya.gupta1423@gmail.com,Diya Gupta,STU101423,D,Female,22,Engineering,11.5,70.6,43.88,53.35,64.55,58.66,40.0,65.49,55.94,C
ira.kumar1424@gmail.com,Ira Kumar,STU101424,C,Female,24,CS,16.5,76.34,60.92,61.42,66.53,52.91,57.07,66.61,63.03,C
vihaan.das1425@gmail.com,Vihaan Das,STU101425,E,Male,20,Business,12.2,74.76,52.47,62.78,58.29,56.32,44.9,71.55,60.58,C
anika.singh1426@gmail.com,Anika Singh,STU101426,D,Male,18,Business,23.1,85.35,66.9,69.3,70.45,67.31,53.3,76.47,70.32,B
krishna.das1427@gmail.com,Krishna Das,STU101427,D,Female,20,Mathematics,9.4,62.89,43.23,51.34,57.2,50.97,40.0,65.53,52.57,D
ishita.iyer1428@gmail.com,Ishita Iyer,STU101428,B,Female,24,CS,23.0,85.48,54.71,75.73,68.0,58.64,52.76,77.99,68.71,C
anika.chatterjee1429@gmail.com,Anika Chatterjee,STU101429,D,Female,20,CS,21.6,87.42,56.56,77.33,69.4,60.75,58.86,77.22,70.4,B
krishna.gupta1430@gmail.com,Krishna Gupta,STU101430,A,Male,20,Business,19.7,77.04,59.0,64.39,64.34,64.38,54.88,87.56,66.41,C
diya.singh1431@gmail.com,Diya Singh,STU101431,C,Female,20,Mathematics,22.0,87.52,66.29,73.11,68.03,63.06,60.76,81.14,71.61,B
arjun.das1432@gmail.com,Arjun Das,STU101432,E,Female,20,Mathematics,23.6,82.42,59.63,74.22,73.69,69.58,60.36,79.3,71.39,B
navya.gupta1433@gmail.com,Navya Gupta,STU101433,E,Female,18,CS,15.2,74.78,63.01,65.9,69.29,55.18,51.43,67.2,65.05,C
arjun.das1434@gmail.com,Arjun Das,STU101434,E,Female,18,CS,18.5,80.41,59.96,69.93,62.65,73.25,50.37,71.34,67.39,C
arjun.verma1435@gmail.com,Arjun Verma,STU101435,B,Male,18,Business,16.9,74.56,52.79,61.52,61.56,58.5,52.81,77.3,61.92,C
aarav.sharma1436@gmail.com,Aarav Sharma,STU101436,C,Female,22,Engineering,25.8,89.28,58.67,68.18,74.45,73.52,58.84,80.2,70.6,B
ira.iyer1437@gmail.com,Ira Iyer,STU101437,B,Female,23,Mathematics,27.2,89.54,67.46,77.45,81.58,61.46,57.8,82.81,75.23,B
sara.roy1438@gmail.com,Sara Roy,STU101438,E,Female,24,CS,9.2,67.34,59.66,67.22,60.59,54.82,57.36,61.75,62.45,C
diya.kumar1439@gmail.com,Diya Kumar,STU101439,B,Female,23,CS,19.5,78.83,60.7,56.01,67.42,67.55,48.25,75.72,63.68,C
ananya.kumar1440@gmail.com,Ananya Kumar,STU101440,E,Female,20,CS,29.5,96.48,64.42,75.16,77.95,69.51,53.52,83.93,74.79,B
ananya.sharma1441@gmail.com,Ananya Sharma,STU101441,E,Female,19,Mathematics,27.4,86.1,66.77,80.3,82.6,72.55,69.53,83.34,77.51,B
ishaan.kumar1442@gmail.com,Ishaan Kumar,STU101442,E,Female,21,Business,15.2,78.43,52.08,64.94,62.17,57.94,47.14,71.15,62.33,C
myra.das1443@gmail.com,Myra Das,STU101443,C,Male,18,Engineering,22.2,85.12,64.19,70.91,76.52,67.27,54.08,82.27,71.76,B
reyansh.roy1444@gmail.com,Reyansh Roy,STU101444,E,Female,17,Business,21.9,83.55,58.83,71.44,61.08,57.69,61.47,83.42,67.9,C
reyansh.iyer1445@gmail.com,Reyansh Iyer,STU101445,C,Female,20,Business,34.9,95.84,71.37,85.43,79.91,80.41,67.25,92.09,82.08,B
vivaan.patel1446@gmail.com,Vivaan Patel,STU101446,B,Male,17,Business,12.3,73.59,57.71,54.96,59.85,58.04,48.87,70.75,59.69,C
shaurya.patel1447@gmail.com,Shaurya Patel,STU101447,E,Female,22,CS,16.8,79.73,49.43,71.96,72.8,62.74,50.78,74.6,66.64,C
ira.verma1448@gmail.com,Ira Verma,STU101448,C,Male,17,Engineering,20.9,83.16,60.97,72.55,68.41,62.06,55.19,78.65,69.37,C
aditya.chatterjee1449@gmail.com,Aditya Chatterjee,STU101449,E,Female,23,CS,24.7,87.29,70.49,73.13,69.62,58.37,50.62,85.41,72.12,B
myra.kumar1450@gmail.com,Myra Kumar,STU101450,A,Male,24,Mathematics,19.5,81.5,58.17,63.15,69.94,62.54,55.9,71.17,65.39,C
navya.iyer1451@gmail.com,Navya Iyer,STU101451,E,Male,19,CS,23.2,83.56,61.61,64.34,72.5,71.26,58.84,84.21,69.34,C
ananya.das1452@gmail.com,Ananya Das,STU101452,C,Female,18,Business,25.1,85.65,68.1,74.87,72.61,70.57,59.49,81.38,73.71,B
aarav.gupta1453@gmail.com,Aarav Gupta,STU101453,E,Female,17,Engineering,24.5,83.63,58.68,75.76,67.46,64.67,60.58,82.63,70.7,B
vivaan.das1454@gmail.com,Vivaan Das,STU101454,C,Male,18,CS,24.0,86.46,58.99,69.81,68.22,68.37,55.81,83.71,69.62,C
arjun.verma1455@gmail.com,Arjun Verma,STU101455,E,Male,20,Business,27.0,91.56,60.69,69.5,77.99,62.51,51.33,90.7,71.73,B
diya.verma1456@gmail.com,Diya Verma,STU101456,E,Male,21,Mathematics,18.1,78.36,58.99,59.34,56.23,58.46,53.61,83.78,62.77,C
sai.patel1457@gmail.com,Sai Patel,STU101457,B,Male,24,CS,5.0,60.93,43.43,52.39,61.21,53.43,40.0,56.01,52.62,D
vihaan.patel1458@gmail.com,Vihaan Patel,STU101458,D,Male,22,Mathematics,20.6,82.05,50.2,63.33,79.51,67.6,55.83,77.92,66.51,C
aditya.sharma1459@gmail.com,Aditya Sharma,STU101459,C,Female,18,Engineering,22.3,80.8,62.49,72.06,75.6,69.15,62.64,75.08,71.09,B
sara.iyer1460@gmail.com,Sara Iyer,STU101460,C,Male,21,Mathematics,11.7,75.19,49.76,54.42,61.64,47.42,51.5,68.77,57.24,C
vivaan.iyer1461@gmail.com,Vivaan Iyer,STU101461,A,Female,17,Engineering,18.1,76.15,54.99,65.74,73.26,60.86,66.22,76.43,66.36,C
ira.chatterjee1462@gmail.com,Ira Chatterjee,STU101462,D,Male,20,Engineering,24.1,85.95,61.35,72.34,77.21,61.46,58.32,79.5,71.16,B
sara.roy1463@gmail.com,Sara Roy,STU101463,E,Male,24,Engineering,25.0,88.96,67.06,79.52,72.8,65.66,52.98,82.7,74.57,B
ira.iyer1464@gmail.com,Ira Iyer,STU101464,C,Male,20,Business,26.9,87.42,63.7,73.37,75.36,79.28,59.18,82.28,73.91,B
sara.singh1465@gmail.com,Sara Singh,STU101465,A,Female,18,Mathematics,17.9,76.93,56.54,76.04,59.85,63.04,42.49,80.11,67.23,C
sara.sharma1466@gmail.com,Sara Sharma,STU101466,D,Male,18,Engineering,23.4,82.49,65.93,75.93,75.02,65.15,58.47,70.87,71.99,B
arjun.chatterjee1467@gmail.com,Arjun Chatterjee,STU101467,E,Male,19,Engineering,16.3,70.25,55.33,64.39,65.12,51.99,51.28,77.58,62.69,C
anika.verma1468@gmail.com,Anika Verma,STU101468,B,Male,24,Engineering,23.0,83.31,56.04,71.1,72.8,64.62,66.01,79.62,69.51,C
navya.patel1469@gmail.com,Navya Patel,STU101469,D,Male,18,CS,29.1,91.1,75.34,84.59,84.3,83.22,57.74,91.0,82.51,B
shaurya.sharma1470@gmail.com,Shaurya Sharma,STU101470,B,Female,21,Business,17.6,80.22,48.42,61.38,65.47,51.56,64.11,72.55,61.56,C
aarav.das1471@gmail.com,Aarav Das,STU101471,D,Male,21,Engineering,23.7,80.38,64.3,71.63,81.86,66.75,62.71,80.6,72.54,B
vihaan.iyer1472@gmail.com,Vihaan Iyer,STU101472,C,Female,21,Mathematics,28.3,88.45,67.14,74.86,75.02,65.89,64.36,78.32,73.62,B
krishna.chatterjee1473@gmail.com,Krishna Chatterjee,STU101473,A,Female,17,Engineering,18.7,75.76,59.14,63.27,65.16,59.85,57.29,73.69,64.38,C
aarav.patel1474@gmail.com,Aarav Patel,STU101474,B,Female,20,Business,17.4,75.83,63.65,69.7,72.85,66.11,55.56,78.27,69.36,C
vihaan.roy1475@gmail.com,Vihaan Roy,STU101475,A,Female,24,Mathematics,17.7,79.41,58.11,63.07,73.59,49.38,45.04,72.52,63.96,C
arjun.sharma1476@gmail.com,Arjun Sharma,STU101476,A,Female,17,CS,18.9,73.71,56.49,60.59,71.36,59.97,59.5,73.01,63.82,C
ira.singh1477@gmail.com,Ira Singh,STU101477,D,Female,20,Mathematics,11.5,75.2,40.0,51.8,61.1,53.71,50.91,66.68,54.81,D
shaurya.chatterjee1478@gmail.com,Shaurya Chatterjee,STU101478,B,Male,18,Mathematics,14.0,72.13,48.31,55.47,65.33,59.42,49.7,71.92,58.93,C
sara.singh1479@gmail.com,Sara Singh,STU101479,A,Female,23,Mathematics,20.4,82.43,57.81,67.94,69.72,65.94,55.7,79.52,67.98,C
shaurya.das1480@gmail.com,Shaurya Das,STU101480,C,Male,18,Mathematics,11.8,72.37,62.56,57.82,56.48,52.09,47.69,64.51,59.61,C
ishaan.patel1481@gmail.com,Ishaan Patel,STU101481,A,Female,20,Mathematics,17.3,75.62,56.51,62.2,73.06,58.99,45.73,78.55,64.52,C
sai.verma1482@gmail.com,Sai Verma,STU101482,B,Male,24,CS,15.5,72.24,48.95,64.46,61.02,61.03,59.25,77.56,62.33,C
ishita.das1483@gmail.com,Ishita Das,STU101483,C,Male,22,Business,12.5,75.05,58.14,58.1,63.06,50.9,44.51,67.21,60.06,C
ishaan.iyer1484@gmail.com,Ishaan Iyer,STU101484,A,Male,23,Engineering,10.5,71.37,40.0,62.68,63.63,57.13,48.44,61.38,57.76,C
shaurya.verma1485@gmail.com,Shaurya Verma,STU101485,A,Female,17,CS,23.6,79.5,68.2,77.7,76.12,61.13,53.39,79.08,73.01,B
vihaan.roy1486@gmail.com,Vihaan Roy,STU101486,D,Female,19,Mathematics,12.5,65.42,49.78,61.62,58.19,48.13,53.44,72.21,58.42,C
anika.sharma1487@gmail.com,Anika Sharma,STU101487,D,Male,21,Engineering,22.0,79.98,54.56,67.32,73.99,71.66,53.92,76.58,67.73,C
aarav.patel1488@gmail.com,Aarav Patel,STU101488,B,Female,21,Business,20.8,78.71,62.05,67.21,70.7,65.14,63.59,75.09,68.25,C
anika.das1489@gmail.com,Anika Das,STU101489,A,Male,24,Business,24.0,90.77,68.1,68.47,83.27,59.71,51.07,81.09,72.36,B
vivaan.patel1490@gmail.com,Vivaan Patel,STU101490,B,Male,20,Mathematics,28.0,86.63,69.4,76.32,81.02,69.22,61.99,88.43,76.46,B
ananya.sharma1491@gmail.com,Ananya Sharma,STU101491,E,Male,19,CS,25.2,83.71,54.93,60.77,76.17,66.0,62.97,84.62,67.23,C
anika.chatterjee1492@gmail.com,Anika Chatterjee,STU101492,C,Male,18,Engineering,21.3,79.36,62.11,60.39,71.41,57.46,62.88,76.91,65.77,C
vihaan.sharma1493@gmail.com,Vihaan Sharma,STU101493,C,Male,24,Business,25.1,85.82,64.82,74.14,75.63,71.76,54.66,82.1,73.25,B
ishaan.iyer1494@gmail.com,Ishaan Iyer,STU101494,B,Male,20,Business,25.7,86.59,73.38,74.59,79.76,68.83,58.96,83.99,75.91,B
sai.chatterjee1495@gmail.com,Sai Chatterjee,STU101495,E,Female,18,Engineering,17.1,84.3,55.99,59.05,72.38,56.36,52.57,67.97,63.26,C
diya.patel1496@gmail.com,Diya Patel,STU101496,B,Female,24,Mathematics,24.5,84.91,59.79,72.33,72.85,62.91,60.54,76.35,70.03,B
ishita.singh1497@gmail.com,Ishita Singh,STU101497,E,Male,18,Mathematics,17.4,77.96,61.03,64.78,66.27,58.85,56.27,70.19,65.09,C
ishaan.gupta1498@gmail.com,Ishaan Gupta,STU101498,C,Male,21,Engineering,37.7,97.22,70.24,87.85,89.61,82.37,63.89,98.12,84.81,B
riya.patel1499@gmail.com,Riya Patel,STU101499,A,Male,17,CS,26.7,80.81,67.1,70.14,72.17,68.29,61.19,84.61,71.72,B
sai.gupta1500@gmail.com,Sai Gupta,STU101500,A,Male,22,CS,26.2,90.29,72.13,60.48,72.12,68.03,47.66,83.08,69.91,C
ananya.kumar1501@gmail.com,Ananya Kumar,STU101501,E,Male,19,CS,21.2,81.99,62.66,69.21,71.04,71.07,65.99,73.76,69.93,C
arjun.chatterjee1502@gmail.com,Arjun Chatterjee,STU101502,E,Male,17,CS,26.5,84.39,68.22,74.86,74.09,69.23,57.44,81.76,73.63,B
navya.sharma1503@gmail.com,Navya Sharma,STU101503,E,Female,18,CS,8.1,60.23,45.49,54.18,59.75,45.16,47.21,66.95,53.91,D
ishaan.roy1504@gmail.com,Ishaan Roy,STU101504,B,Male,19,Mathematics,18.4,73.5,59.59,63.53,71.49,60.98,46.75,72.04,64.69,C
sara.gupta1505@gmail.com,Sara Gupta,STU101505,D,Female,19,Mathematics,18.0,77.52,62.72,68.14,60.2,65.03,54.0,79.98,66.97,C
aadhya.chatterjee1506@gmail.com,Aadhya Chatterjee,STU101506,A,Male,18,Business,14.1,77.31,60.23,62.15,67.35,53.74,47.77,72.02,63.49,C
vihaan.gupta1507@gmail.com,Vihaan Gupta,STU101507,B,Male,17,Business,14.3,75.11,48.05,63.89,69.32,51.32,45.09,60.08,60.08,C
riya.sharma1508@gmail.com,Riya Sharma,STU101508,E,Female,23,Mathematics,23.4,80.22,64.36,68.75,70.26,67.29,51.87,80.49,69.43,C
aditya.iyer1509@gmail.com,Aditya Iyer,STU101509,C,Male,23,CS,16.3,75.3,59.91,62.43,64.5,54.24,45.38,80.95,63.7,C
shaurya.roy1510@gmail.com,Shaurya Roy,STU101510,A,Male,18,Mathematics,22.1,83.09,65.04,56.37,73.15,68.59,59.41,87.47,67.78,C
reyansh.singh1511@gmail.com,Reyansh Singh,STU101511,C,Female,22,Engineering,21.4,74.58,67.13,73.97,69.47,63.03,64.04,78.42,70.84,B
myra.verma1512@gmail.com,Myra Verma,STU101512,A,Male,23,CS,19.9,77.29,53.65,67.54,72.56,61.25,60.31,79.76,66.72,C
myra.verma1513@gmail.com,Myra Verma,STU101513,B,Female,17,Mathematics,13.4,74.63,48.7,65.51,66.4,55.43,47.57,64.68,61.2,C
aditya.singh1514@gmail.com,Aditya Singh,STU101514,C,Female,21,Mathematics,24.4,81.4,66.0,77.25,82.17,69.58,47.23,82.64,74.42,B
shaurya.singh1515@gmail.com,Shaurya Singh,STU101515,A,Male,20,Mathematics,15.7,74.29,51.64,67.8,55.01,49.81,55.07,74.57,61.54,C
shaurya.iyer1516@gmail.com,Shaurya Iyer,STU101516,E,Female,20,CS,11.7,69.82,51.91,52.56,58.65,60.06,51.94,69.98,57.53,C
anika.roy1517@gmail.com,Anika Roy,STU101517,B,Female,22,Business,16.0,76.44,48.72,64.79,66.98,60.07,48.16,74.48,62.73,C
riya.das1518@gmail.com,Riya Das,STU101518,E,Male,24,CS,15.2,73.05,49.69,53.01,63.76,58.76,54.88,64.67,57.8,C
sara.singh1519@gmail.com,Sara Singh,STU101519,E,Female,19,CS,24.5,86.1,62.63,70.55,74.24,64.3,55.9,83.03,70.96,B
myra.gupta1520@gmail.com,Myra Gupta,STU101520,E,Female,22,Engineering,25.4,80.92,61.31,70.97,76.52,76.48,51.7,84.38,71.79,B
sara.gupta1521@gmail.com,Sara Gupta,STU101521,C,Male,24,Business,9.9,64.0,48.8,53.15,51.69,49.23,57.37,66.4,54.29,D
myra.patel1522@gmail.com,Myra Patel,STU101522,C,Male,20,CS,8.2,69.8,53.16,47.14,52.49,61.6,43.18,66.93,54.64,D
ishita.das1523@gmail.com,Ishita Das,STU101523,A,Male,18,Mathematics,24.9,83.34,62.34,74.45,80.2,67.79,58.68,82.81,73.16,B
sara.singh1524@gmail.com,Sara Singh,STU101524,D,Male,22,CS,19.2,78.61,61.06,63.58,64.57,55.55,49.25,72.24,64.07,C
myra.chatterjee1525@gmail.com,Myra Chatterjee,STU101525,C,Female,21,Mathematics,24.6,81.87,59.93,80.46,71.55,62.48,60.93,76.37,71.97,B
reyansh.das1526@gmail.com,Reyansh Das,STU101526,C,Female,22,Engineering,18.9,78.01,54.18,62.23,72.73,57.05,57.79,75.08,64.32,C
diya.chatterjee1527@gmail.com,Diya Chatterjee,STU101527,E,Female,24,Engineering,17.1,77.45,54.79,72.95,76.3,60.87,50.77,72.3,67.89,C
ira.iyer1528@gmail.com,Ira Iyer,STU101528,C,Female,18,Business,15.2,80.32,47.14,60.76,69.66,51.33,41.64,69.4,60.29,C
sara.sharma1529@gmail.com,Sara Sharma,STU101529,A,Male,18,Mathematics,19.8,78.6,63.34,66.55,69.35,63.28,51.64,75.48,67.35,C
sara.das1530@gmail.com,Sara Das,STU101530,C,Male,17,CS,16.3,78.38,49.38,61.38,73.43,49.58,51.13,78.92,62.55,C
anika.patel1531@gmail.com,Anika Patel,STU101531,A,Female,19,Mathematics,23.0,81.41,60.43,70.32,72.2,64.76,56.45,86.49,70.1,B
ananya.patel1532@gmail.com,Ananya Patel,STU101532,D,Female,18,CS,17.5,74.0,56.37,60.27,68.7,70.25,65.34,70.85,64.44,C
reyansh.das1533@gmail.com,Reyansh Das,STU101533,E,Female,22,Business,22.1,82.11,62.96,65.96,72.0,66.82,54.51,71.28,67.93,C
ishaan.singh1534@gmail.com,Ishaan Singh,STU101534,D,Male,18,CS,17.0,72.47,58.47,61.63,63.08,64.05,47.31,69.79,62.64,C
ishita.singh1535@gmail.com,Ishita Singh,STU101535,D,Female,22,Business,21.8,83.21,69.93,72.55,65.31,72.96,47.97,76.01,71.16,B
sai.roy1536@gmail.com,Sai Roy,STU101536,D,Male,21,Mathematics,25.0,79.3,64.95,74.31,79.55,60.98,60.02,76.72,71.92,B
reyansh.das1537@gmail.com,Reyansh Das,STU101537,D,Female,22,Business,14.6,72.38,58.18,51.29,61.91,54.58,48.8,67.67,58.21,C
diya.kumar1538@gmail.com,Diya Kumar,STU101538,A,Female,21,Engineering,9.4,66.14,55.51,58.2,62.26,51.65,40.67,62.8,57.99,C
ishita.verma1539@gmail.com,Ishita Verma,STU101539,D,Female,22,Engineering,17.1,79.73,46.21,62.52,70.67,55.42,65.59,78.9,63.28,C
vihaan.patel1540@gmail.com,Vihaan Patel,STU101540,D,Male,17,Engineering,14.3,78.03,48.74,59.59,61.03,55.13,52.33,76.15,60.32,C
sara.gupta1541@gmail.com,Sara Gupta,STU101541,D,Female,24,Engineering,20.0,73.46,57.73,69.73,71.94,65.07,49.56,78.33,67.42,C
myra.sharma1542@gmail.com,Myra Sharma,STU101542,E,Male,22,Business,18.6,82.44,60.75,59.33,60.8,66.75,58.42,72.41,64.15,C
sara.patel1543@gmail.com,Sara Patel,STU101543,A,Male,23,Mathematics,22.8,80.27,66.84,73.83,73.76,67.61,60.77,80.24,72.43,B
reyansh.chatterjee1544@gmail.com,Reyansh Chatterjee,STU101544,A,Female,24,CS,27.9,86.96,63.31,67.76,83.51,64.89,60.08,86.16,72.32,B
diya.gupta1545@gmail.com,Diya Gupta,STU101545,E,Female,20,Engineering,15.2,69.05,47.28,65.03,66.33,61.44,53.35,64.98,61.13,C
sai.patel1546@gmail.com,Sai Patel,STU101546,A,Female,17,Engineering,22.6,84.59,55.41,73.67,70.01,72.71,51.76,80.85,70.09,B
arjun.sharma1547@gmail.com,Arjun Sharma,STU101547,C,Female,18,Engineering,8.5,70.01,46.01,58.27,60.9,51.55,47.67,65.35,56.89,C
sai.iyer1548@gmail.com,Sai Iyer,STU101548,E,Female,20,Business,30.6,88.53,71.59,82.11,75.12,66.58,56.56,85.26,77.08,B
ira.chatterjee1549@gmail.com,Ira Chatterjee,STU101549,A,Female,17,Mathematics,10.4,72.65,47.83,52.5,55.25,58.12,56.15,67.34,56.22,C
vihaan.kumar1550@gmail.com,Vihaan Kumar,STU101550,D,Female,23,Business,19.5,79.13,61.61,69.42,71.55,64.19,63.75,76.26,69.03,C
anika.patel1551@gmail.com,Anika Patel,STU101551,D,Male,22,Business,22.5,81.03,63.38,65.07,70.78,67.9,59.55,83.95,69.08,C
shaurya.roy1552@gmail.com,Shaurya Roy,STU101552,B,Male,19,CS,27.8,84.9,71.58,65.8,78.31,67.49,52.56,82.26,71.89,B
ira.chatterjee1553@gmail.com,Ira Chatterjee,STU101553,B,Female,20,Business,28.6,86.64,67.34,75.03,75.22,69.22,61.29,85.65,74.47,B
navya.chatterjee1554@gmail.com,Navya Chatterjee,STU101554,B,Male,24,Mathematics,15.0,69.46,66.39,62.35,69.97,55.66,56.37,71.61,64.97,C
riya.singh1555@gmail.com,Riya Singh,STU101555,D,Female,21,Mathematics,24.4,84.41,66.37,60.8,76.43,75.62,50.82,76.59,69.18,C
shaurya.iyer1556@gmail.com,Shaurya Iyer,STU101556,A,Female,17,Mathematics,22.9,80.77,65.65,65.91,76.44,70.91,61.55,72.71,69.89,C
shaurya.verma1557@gmail.com,Shaurya Verma,STU101557,D,Female,21,Mathematics,30.5,93.33,68.04,70.71,75.56,71.12,58.51,84.97,74.02,B
krishna.singh1558@gmail.com,Krishna Singh,STU101558,E,Female,19,Business,24.6,82.78,61.23,77.0,79.92,72.11,56.27,76.24,73.26,B
ira.das1559@gmail.com,Ira Das,STU101559,E,Female,17,Engineering,29.5,88.86,60.87,79.73,81.69,67.41,61.72,96.35,76.69,B
vivaan.iyer1560@gmail.com,Vivaan Iyer,STU101560,E,Male,17,Engineering,19.6,77.11,60.08,66.26,75.57,64.13,58.31,78.54,68.12,C
ishita.chatterjee1561@gmail.com,Ishita Chatterjee,STU101561,B,Male,17,CS,12.8,73.09,45.15,58.88,59.48,60.6,55.64,67.4,58.51,C
aditya.das1562@gmail.com,Aditya Das,STU101562,A,Female,20,Mathematics,21.0,82.62,67.07,77.57,71.62,61.75,58.06,73.64,72.13,B
arjun.das1563@gmail.com,Arjun Das,STU101563,E,Female,21,Engineering,17.9,75.88,51.8,70.31,72.74,72.58,62.73,73.57,67.7,C
diya.sharma1564@gmail.com,Diya Sharma,STU101564,D,Female,18,Business,18.2,77.31,62.91,61.59,74.89,75.56,55.0,73.74,67.7,C
ananya.gupta1565@gmail.com,Ananya Gupta,STU101565,E,Male,17,Engineering,31.0,82.5,74.52,84.35,79.88,76.8,68.75,86.23,80.18,B
vihaan.kumar1566@gmail.com,Vihaan Kumar,STU101566,D,Male,19,Engineering,22.7,87.62,55.93,66.05,77.73,59.8,52.16,79.87,68.0,C
ananya.sharma1567@gmail.com,Ananya Sharma,STU101567,C,Male,19,Mathematics,27.2,85.46,70.26,75.39,76.8,68.69,55.52,88.24,75.2,B
arjun.chatterjee1568@gmail.com,Arjun Chatterjee,STU101568,D,Female,21,Business,18.1,80.52,65.52,61.91,65.81,67.27,50.37,74.61,66.31,C
myra.singh1569@gmail.com,Myra Singh,STU101569,A,Female,19,Business,16.8,75.67,54.5,70.1,67.4,56.42,47.3,77.68,65.38,C
reyansh.singh1570@gmail.com,Reyansh Singh,STU101570,D,Male,24,Engineering,13.4,75.84,55.64,54.23,67.6,55.53,52.54,68.18,60.12,C
arjun.iyer1571@gmail.com,Arjun Iyer,STU101571,B,Male,21,Business,17.7,73.61,52.42,62.09,66.67,55.99,63.0,75.05,62.73,C
krishna.iyer1572@gmail.com,Krishna Iyer,STU101572,A,Male,22,Business,18.8,78.74,58.39,55.57,71.89,60.02,54.22,73.5,63.07,C
ananya.verma1573@gmail.com,Ananya Verma,STU101573,D,Male,20,Mathematics,26.6,93.25,67.24,79.29,80.52,76.74,58.17,84.12,77.63,B
aditya.patel1574@gmail.com,Aditya Patel,STU101574,B,Male,22,CS,13.2,72.3,46.02,68.79,66.25,62.01,40.0,70.78,62.29,C
ishita.roy1575@gmail.com,Ishita Roy,STU101575,A,Female,21,Business,18.5,77.49,58.32,60.66,73.47,70.16,51.64,77.4,65.97,C
vivaan.das1576@gmail.com,Vivaan Das,STU101576,B,Male,20,CS,26.3,83.07,60.14,75.63,76.15,63.66,50.36,83.92,71.72,B
ananya.singh1577@gmail.com,Ananya Singh,STU101577,C,Male,19,CS,15.8,75.9,58.46,60.73,57.78,54.47,62.9,80.11,62.77,C
sara.patel1578@gmail.com,Sara Patel,STU101578,D,Female,19,Mathematics,20.5,77.41,65.48,60.13,60.61,66.66,52.72,77.65,65.03,C
ira.das1579@gmail.com,Ira Das,STU101579,C,Female,22,CS,28.3,91.79,63.83,64.29,81.66,70.72,57.31,92.39,72.66,B
ira.das1580@gmail.com,Ira Das,STU101580,B,Female,18,CS,12.3,71.97,51.38,61.46,61.58,65.73,42.08,67.81,60.61,C
ishita.iyer1581@gmail.com,Ishita Iyer,STU101581,A,Male,19,Business,14.4,74.66,52.92,62.73,74.52,62.3,51.13,74.1,64.24,C
myra.patel1582@gmail.com,Myra Patel,STU101582,C,Female,20,Mathematics,15.3,76.82,56.01,63.41,60.08,52.49,43.72,71.33,61.49,C
ishita.patel1583@gmail.com,Ishita Patel,STU101583,E,Male,24,Engineering,23.1,89.86,63.08,69.17,73.61,61.88,59.01,87.9,71.32,B
krishna.gupta1584@gmail.com,Krishna Gupta,STU101584,E,Female,22,Business,8.8,69.25,51.5,62.83,63.47,49.94,42.71,63.07,59.03,C
krishna.das1585@gmail.com,Krishna Das,STU101585,D,Female,22,Engineering,25.3,87.52,66.79,63.26,70.07,60.83,61.71,81.32,68.9,C
reyansh.das1586@gmail.com,Reyansh Das,STU101586,C,Female,20,CS,14.3,71.2,58.11,63.5,62.72,56.0,60.15,76.11,63.42,C
myra.iyer1587@gmail.com,Myra Iyer,STU101587,D,Male,17,Mathematics,21.9,81.66,61.74,66.91,69.37,56.5,56.43,80.15,67.48,C
reyansh.roy1588@gmail.com,Reyansh Roy,STU101588,E,Male,22,Mathematics,19.2,82.81,61.41,61.25,73.97,66.44,54.88,72.26,66.65,C
ishita.gupta1589@gmail.com,Ishita Gupta,STU101589,A,Male,18,Business,25.8,80.99,72.05,73.39,71.92,79.76,76.46,83.54,75.47,B
ananya.verma1590@gmail.com,Ananya Verma,STU101590,A,Female,20,Mathematics,18.5,86.52,45.3,72.98,56.69,67.78,54.76,78.64,65.49,C
diya.kumar1591@gmail.com,Diya Kumar,STU101591,A,Female,21,Engineering,18.5,80.99,53.84,66.78,69.63,64.94,51.58,73.64,65.78,C
aditya.sharma1592@gmail.com,Aditya Sharma,STU101592,E,Female,24,CS,22.4,84.9,60.73,71.47,73.74,76.81,52.08,84.58,71.88,B
arjun.iyer1593@gmail.com,Arjun Iyer,STU101593,C,Male,22,Engineering,11.3,75.1,54.83,50.03,61.72,51.94,50.05,70.34,57.47,C
sara.verma1594@gmail.com,Sara Verma,STU101594,B,Male,18,Mathematics,28.2,91.37,68.48,82.29,76.22,63.25,64.49,79.83,76.49,B
vivaan.verma1595@gmail.com,Vivaan Verma,STU101595,B,Male,18,Business,13.0,77.15,59.18,62.33,61.34,59.95,44.26,62.24,61.88,C
ishita.sharma1596@gmail.com,Ishita Sharma,STU101596,C,Male,22,CS,18.4,75.46,54.45,71.36,69.55,62.56,57.26,71.84,66.58,C
anika.gupta1597@gmail.com,Anika Gupta,STU101597,C,Female,18,Engineering,25.2,85.34,64.04,66.65,75.9,67.83,46.78,89.7,70.81,B
aditya.roy1598@gmail.com,Aditya Roy,STU101598,A,Female,22,Business,21.0,80.42,55.85,73.95,70.36,62.56,55.05,81.68,69.13,C
ananya.kumar1599@gmail.com,Ananya Kumar,STU101599,B,Female,19,CS,5.9,66.78,45.66,54.61,58.1,45.0,44.86,67.64,54.42,D
aadhya.das1600@gmail.com,Aadhya Das,STU101600,C,Female,22,Mathematics,14.3,69.55,48.22,59.15,57.29,53.2,57.11,77.16,58.83,C
vivaan.roy1601@gmail.com,Vivaan Roy,STU101601,D,Male,19,Engineering,18.9,78.04,62.39,65.01,66.34,65.95,52.55,75.04,66.46,C
anika.patel1602@gmail.com,Anika Patel,STU101602,E,Female,20,CS,23.7,80.69,65.44,69.44,73.43,69.27,59.18,78.51,70.74,B
aarav.patel1603@gmail.com,Aarav Patel,STU101603,C,Male,18,CS,5.0,63.14,45.92,60.04,52.68,50.85,52.25,60.13,55.12,C
vivaan.verma1604@gmail.com,Vivaan Verma,STU101604,C,Female,22,CS,22.0,85.38,62.06,69.44,74.47,56.66,49.02,87.75,69.84,C
anika.chatterjee1605@gmail.com,Anika Chatterjee,STU101605,A,Female,18,Business,9.4,71.7,52.17,51.95,63.45,53.09,43.8,67.71,56.98,C
navya.patel1606@gmail.com,Navya Patel,STU101606,E,Male,23,CS,22.8,81.97,62.76,72.71,68.96,61.55,65.55,80.48,70.39,B
ananya.das1607@gmail.com,Ananya Das,STU101607,C,Male,21,CS,31.8,87.19,61.13,82.05,84.66,76.95,58.64,85.68,77.46,B
myra.gupta1608@gmail.com,Myra Gupta,STU101608,A,Male,22,Engineering,14.8,73.85,43.72,57.93,69.15,62.19,53.0,65.64,59.31,C
sara.das1609@gmail.com,Sara Das,STU101609,D,Female,24,Business,23.9,81.98,62.17,62.78,74.65,63.97,52.05,79.67,67.63,C
aarav.verma1610@gmail.com,Aarav Verma,STU101610,E,Female,23,Engineering,23.9,77.44,56.78,69.38,73.64,63.66,45.41,81.75,67.77,C
vihaan.singh1611@gmail.com,Vihaan Singh,STU101611,C,Male,23,Engineering,16.5,73.38,52.58,63.97,63.57,60.33,45.43,69.28,61.81,C
diya.gupta1612@gmail.com,Diya Gupta,STU101612,B,Female,20,Engineering,22.3,88.47,60.81,67.97,74.8,59.72,58.3,75.43,69.05,C
riya.gupta1613@gmail.com,Riya Gupta,STU101613,E,Female,23,Business,18.4,77.58,59.17,58.18,66.93,61.01,47.38,73.05,62.86,C
aadhya.chatterjee1614@gmail.com,Aadhya Chatterjee,STU101614,C,Male,17,Mathematics,21.4,84.85,57.55,61.67,70.62,62.63,52.04,75.27,65.48,C
riya.patel1615@gmail.com,Riya Patel,STU101615,B,Female,17,Mathematics,5.0,65.3,48.52,50.25,58.56,55.79,46.15,62.14,54.19,D
sara.singh1616@gmail.com,Sara Singh,STU101616,C,Female,20,Mathematics,21.5,87.54,56.72,64.18,71.75,62.36,52.8,80.73,67.06,C
vivaan.das1617@gmail.com,Vivaan Das,STU101617,C,Male,22,Business,25.7,89.04,64.64,77.25,72.54,69.09,63.88,82.47,74.24,B
shaurya.kumar1618@gmail.com,Shaurya Kumar,STU101618,A,Female,18,Business,11.9,73.79,53.93,60.22,65.6,58.0,45.62,65.99,60.75,C
ishaan.patel1619@gmail.com,Ishaan Patel,STU101619,A,Male,22,Business,14.9,73.76,52.33,64.7,66.54,55.7,54.37,70.84,62.61,C
ananya.verma1620@gmail.com,Ananya Verma,STU101620,E,Male,19,CS,23.1,84.83,65.88,71.95,71.74,62.7,57.74,86.27,71.79,B
arjun.roy1621@gmail.com,Arjun Roy,STU101621,C,Male,17,Business,24.3,82.58,64.38,76.47,71.12,61.71,50.02,75.63,70.98,B
ananya.das1622@gmail.com,Ananya Das,STU101622,D,Male,23,CS,21.9,85.91,66.47,72.9,71.69,64.24,47.53,84.01,71.71,B
shaurya.das1623@gmail.com,Shaurya Das,STU101623,D,Female,24,Business,20.3,82.07,59.88,62.37,69.55,61.06,53.55,77.11,65.82,C
navya.singh1624@gmail.com,Navya Singh,STU101624,D,Female,18,Mathematics,22.9,81.9,71.92,64.68,78.9,60.98,56.26,86.29,71.35,B
riya.kumar1625@gmail.com,Riya Kumar,STU101625,B,Female,18,Engineering,22.5,82.43,58.17,67.81,76.49,65.36,58.28,84.75,69.62,C
aadhya.das1626@gmail.com,Aadhya Das,STU101626,C,Female,22,Business,18.8,79.16,62.56,75.52,64.76,60.14,49.93,78.53,69.16,C
vivaan.singh1627@gmail.com,Vivaan Singh,STU101627,B,Male,18,CS,21.9,78.61,72.09,63.81,71.3,67.7,62.01,77.74,69.76,C
ira.das1628@gmail.com,Ira Das,STU101628,D,Male,20,Business,18.4,78.03,58.65,64.16,67.51,62.62,55.29,75.23,65.46,C
reyansh.verma1629@gmail.com,Reyansh Verma,STU101629,D,Male,19,Mathematics,16.6,76.33,55.9,70.82,68.42,54.49,47.07,72.39,65.36,C
arjun.verma1630@gmail.com,Arjun Verma,STU101630,A,Male,20,Mathematics,20.5,81.1,55.59,62.67,73.2,60.32,49.66,85.42,66.07,C
arjun.iyer1631@gmail.com,Arjun Iyer,STU101631,B,Male,18,CS,14.3,73.93,50.4,57.57,62.46,54.42,41.86,69.32,58.58,C
aditya.iyer1632@gmail.com,Aditya Iyer,STU101632,B,Female,17,CS,23.0,82.33,62.88,72.21,74.42,65.0,65.86,73.65,70.79,B
ishita.chatterjee1633@gmail.com,Ishita Chatterjee,STU101633,C,Female,21,Business,24.7,92.92,69.4,76.95,76.77,61.89,64.89,80.78,75.29,B
ira.verma1634@gmail.com,Ira Verma,STU101634,C,Male,21,Business,11.5,71.24,52.0,55.16,64.01,48.67,48.48,71.61,58.12,C
aarav.gupta1635@gmail.com,Aarav Gupta,STU101635,C,Female,22,Mathematics,26.6,86.21,69.71,77.47,79.27,73.17,54.17,83.26,76.05,B
anika.roy1636@gmail.com,Anika Roy,STU101636,E,Male,24,Engineering,25.4,82.75,75.92,68.93,81.84,65.23,61.67,75.73,73.59,B
ishaan.singh1637@gmail.com,Ishaan Singh,STU101637,D,Male,23,Business,11.5,75.63,51.07,58.42,58.49,59.67,52.85,70.23,59.71,C
sai.chatterjee1638@gmail.com,Sai Chatterjee,STU101638,C,Female,24,Engineering,17.2,72.12,45.45,74.17,62.01,55.37,49.34,74.85,63.34,C
arjun.kumar1639@gmail.com,Arjun Kumar,STU101639,C,Male,18,Business,25.9,85.89,67.25,88.59,78.91,62.18,49.71,90.82,78.24,B
navya.verma1640@gmail.com,Navya Verma,STU101640,C,Female,21,Engineering,25.4,87.28,68.3,82.24,74.68,69.53,54.13,92.47,77.17,B
aadhya.roy1641@gmail.com,Aadhya Roy,STU101641,D,Male,22,Mathematics,27.8,87.86,71.7,68.44,83.84,68.25,59.03,89.53,74.96,B
arjun.iyer1642@gmail.com,Arjun Iyer,STU101642,D,Female,23,Mathematics,23.7,83.25,67.57,72.13,78.29,71.3,51.98,85.87,73.54,B
aditya.das1643@gmail.com,Aditya Das,STU101643,B,Female,20,CS,29.6,88.11,69.76,72.87,77.72,70.1,64.62,83.88,74.91,B
aditya.das1644@gmail.com,Aditya Das,STU101644,C,Female,24,Business,19.0,82.04,59.63,66.0,61.91,61.03,43.3,74.33,64.92,C
anika.verma1645@gmail.com,Anika Verma,STU101645,A,Female,24,Mathematics,21.3,86.42,63.98,65.54,78.28,59.3,46.76,79.12,69.02,C
vihaan.das1646@gmail.com,Vihaan Das,STU101646,C,Male,23,Engineering,29.7,89.35,72.06,73.37,78.41,69.93,54.63,83.26,75.17,B
aarav.verma1647@gmail.com,Aarav Verma,STU101647,D,Male,22,Mathematics,29.1,84.48,76.66,78.46,73.2,74.36,59.22,83.12,77.01,B
navya.kumar1648@gmail.com,Navya Kumar,STU101648,D,Female,18,CS,20.5,76.14,53.21,72.56,66.1,61.89,55.72,78.02,66.72,C
myra.gupta1649@gmail.com,Myra Gupta,STU101649,C,Female,23,Mathematics,17.3,78.56,52.25,65.64,66.13,62.33,49.24,77.37,64.35,C
anika.patel1650@gmail.com,Anika Patel,STU101650,D,Female,19,Business,9.0,72.32,47.45,53.17,59.16,55.15,44.82,70.0,56.3,C
ishaan.gupta1651@gmail.com,Ishaan Gupta,STU101651,C,Female,21,Business,17.3,75.4,56.23,68.68,70.72,64.17,51.61,78.72,66.87,C
arjun.sharma1652@gmail.com,Arjun Sharma,STU101652,E,Female,19,Engineering,20.7,87.8,62.45,72.01,73.97,65.13,54.2,73.98,70.59,B
vivaan.das1653@gmail.com,Vivaan Das,STU101653,A,Male,23,Mathematics,14.4,80.35,54.96,65.73,67.71,60.59,49.22,73.12,64.73,C
myra.sharma1654@gmail.com,Myra Sharma,STU101654,A,Female,18,Business,24.8,84.67,68.24,71.63,76.36,66.46,55.09,75.38,72.0,B
anika.sharma1655@gmail.com,Anika Sharma,STU101655,C,Female,19,Business,19.4,74.87,59.94,70.3,74.04,65.58,57.11,76.22,68.71,C
aarav.patel1656@gmail.com,Aarav Patel,STU101656,C,Female,19,Mathematics,27.5,89.66,67.14,75.13,82.22,67.87,71.8,82.92,75.94,B
sai.chatterjee1657@gmail.com,Sai Chatterjee,STU101657,E,Female,23,Mathematics,18.7,85.25,54.55,65.66,61.16,66.21,67.86,77.43,66.06,C
diya.patel1658@gmail.com,Diya Patel,STU101658,A,Female,17,Engineering,12.3,75.24,61.0,58.61,61.28,55.3,40.0,72.29,61.26,C
aditya.chatterjee1659@gmail.com,Aditya Chatterjee,STU101659,E,Male,21,Mathematics,22.8,86.92,65.16,61.1,75.81,62.52,55.83,78.03,68.27,C
anika.patel1660@gmail.com,Anika Patel,STU101660,C,Female,23,Business,24.2,89.45,65.49,71.61,74.95,65.81,50.99,80.31,71.93,B
vihaan.gupta1661@gmail.com,Vihaan Gupta,STU101661,E,Female,19,Business,16.8,76.27,57.94,69.98,71.28,58.35,44.84,73.49,66.33,C
vivaan.chatterjee1662@gmail.com,Vivaan Chatterjee,STU101662,A,Female,17,Engineering,5.0,66.22,45.93,48.26,50.0,45.0,45.88,61.3,50.71,D
navya.singh1663@gmail.com,Navya Singh,STU101663,E,Male,21,Mathematics,28.7,85.62,69.01,79.4,76.63,71.37,52.41,78.67,75.31,B
ananya.verma1664@gmail.com,Ananya Verma,STU101664,C,Female,22,Mathematics,15.7,73.39,52.45,56.14,63.76,60.26,49.17,76.66,60.38,C
arjun.patel1665@gmail.com,Arjun Patel,STU101665,E,Female,23,Engineering,27.1,86.37,68.56,76.87,74.75,67.2,62.33,90.37,75.5,B
ishita.das1666@gmail.com,Ishita Das,STU101666,C,Male,22,Mathematics,20.4,81.38,62.91,63.03,67.52,58.18,57.95,73.05,65.78,C
ananya.verma1667@gmail.com,Ananya Verma,STU101667,C,Female,23,Business,21.5,81.41,60.13,58.6,65.08,63.12,52.64,79.4,64.39,C
riya.patel1668@gmail.com,Riya Patel,STU101668,C,Female,21,Mathematics,27.4,90.5,61.83,66.11,73.82,72.44,50.85,85.52,70.66,B
navya.kumar1669@gmail.com,Navya Kumar,STU101669,B,Female,23,Business,25.6,88.19,62.56,70.95,74.05,70.83,54.91,78.94,71.45,B
riya.verma1670@gmail.com,Riya Verma,STU101670,A,Male,17,Mathematics,25.8,86.65,69.39,71.45,66.55,67.22,63.08,86.97,72.53,B
ishita.sharma1671@gmail.com,Ishita Sharma,STU101671,C,Male,24,Engineering,22.5,81.85,66.49,67.44,71.7,63.5,60.37,77.82,69.62,C
sara.gupta1672@gmail.com,Sara Gupta,STU101672,A,Male,19,Mathematics,21.8,86.42,65.73,72.65,78.17,72.48,53.68,72.62,72.5,B
aadhya.patel1673@gmail.com,Aadhya Patel,STU101673,D,Female,21,Mathematics,12.7,70.02,54.16,61.24,66.05,53.01,42.54,62.95,59.84,C
shaurya.gupta1674@gmail.com,Shaurya Gupta,STU101674,C,Female,17,CS,17.6,74.84,56.35,70.95,64.64,59.48,45.92,71.95,65.17,C
sai.chatterjee1675@gmail.com,Sai Chatterjee,STU101675,B,Male,20,Mathematics,14.3,75.08,55.8,68.88,64.01,47.38,60.16,68.5,63.53,C
reyansh.gupta1676@gmail.com,Reyansh Gupta,STU101676,D,Female,17,Engineering,24.1,79.79,65.31,70.2,70.56,60.36,47.96,77.84,68.9,C
krishna.sharma1677@gmail.com,Krishna Sharma,STU101677,D,Female,19,Business,19.2,84.28,58.41,60.45,67.98,50.62,50.7,74.94,63.53,C
ananya.kumar1678@gmail.com,Ananya Kumar,STU101678,B,Female,23,Business,23.1,82.85,62.62,72.2,77.25,67.07,57.49,76.41,71.28,B
reyansh.singh1679@gmail.com,Reyansh Singh,STU101679,C,Female,17,CS,17.2,80.61,58.75,76.51,66.53,72.98,49.51,71.88,69.7,C
aadhya.roy1680@gmail.com,Aadhya Roy,STU101680,A,Male,21,Business,22.8,76.21,64.7,79.65,73.35,69.32,45.07,84.01,73.04,B
riya.singh1681@gmail.com,Riya Singh,STU101681,D,Female,24,CS,21.6,77.8,59.9,78.99,78.68,55.74,58.95,84.95,72.28,B
reyansh.kumar1682@gmail.com,Reyansh Kumar,STU101682,C,Male,24,Engineering,31.0,88.61,74.09,78.44,89.49,68.33,56.05,85.92,78.86,B
vivaan.verma1683@gmail.com,Vivaan Verma,STU101683,D,Female,20,Business,24.5,88.83,56.59,77.61,68.44,73.1,66.19,75.45,71.91,B
arjun.patel1684@gmail.com,Arjun Patel,STU101684,E,Male,24,CS,15.3,75.28,53.15,55.87,65.75,61.12,55.04,66.95,60.34,C
sara.kumar1685@gmail.com,Sara Kumar,STU101685,A,Female,23,Mathematics,15.0,75.17,54.24,58.09,67.94,67.2,50.46,76.8,62.9,C
arjun.singh1686@gmail.com,Arjun Singh,STU101686,B,Female,19,Engineering,17.6,77.84,56.19,71.3,66.12,61.68,48.18,81.19,67.03,C
arjun.patel1687@gmail.com,Arjun Patel,STU101687,D,Female,21,Engineering,18.7,78.75,58.17,67.49,74.99,61.31,55.13,79.12,67.81,C
myra.gupta1688@gmail.com,Myra Gupta,STU101688,D,Female,23,CS,9.9,69.1,49.75,55.62,59.62,57.2,40.41,68.4,57.07,C
navya.das1689@gmail.com,Navya Das,STU101689,C,Female,18,Mathematics,17.6,73.89,58.17,66.7,61.6,69.16,57.2,73.93,65.44,C
diya.singh1690@gmail.com,Diya Singh,STU101690,B,Male,21,CS,26.2,87.49,56.4,75.77,78.98,58.41,67.57,82.69,72.1,B
aditya.roy1691@gmail.com,Aditya Roy,STU101691,B,Female,24,Mathematics,28.6,87.08,59.95,71.01,70.62,69.44,64.51,84.07,71.17,B
riya.roy1692@gmail.com,Riya Roy,STU101692,D,Male,22,CS,13.6,73.22,57.57,62.36,68.79,57.61,51.17,75.9,63.77,C
sai.chatterjee1693@gmail.com,Sai Chatterjee,STU101693,B,Male,17,CS,23.7,83.77,64.92,72.21,69.81,64.8,64.58,81.11,71.32,B
vihaan.singh1694@gmail.com,Vihaan Singh,STU101694,B,Female,18,CS,21.6,81.08,57.93,69.1,69.01,61.22,64.04,85.73,68.67,C
krishna.kumar1695@gmail.com,Krishna Kumar,STU101695,D,Female,23,CS,25.1,86.89,69.48,71.45,76.51,62.01,58.06,82.57,72.86,B
navya.patel1696@gmail.com,Navya Patel,STU101696,B,Male,18,Mathematics,20.0,82.03,55.96,61.54,71.23,63.9,41.43,74.17,64.42,C
navya.verma1697@gmail.com,Navya Verma,STU101697,C,Female,22,CS,18.0,75.76,58.98,64.24,66.99,61.46,53.18,77.01,65.2,C
anika.chatterjee1698@gmail.com,Anika Chatterjee,STU101698,D,Male,22,CS,17.2,79.34,48.67,59.05,69.31,67.5,40.0,68.97,61.43,C
aditya.gupta1699@gmail.com,Aditya Gupta,STU101699,E,Female,17,Business,23.1,84.59,59.74,71.23,73.4,59.4,55.93,84.62,69.98,C
shaurya.sharma1700@gmail.com,Shaurya Sharma,STU101700,E,Male,21,Mathematics,24.6,82.37,59.2,76.07,76.19,61.64,47.24,83.15,71.17,B
shaurya.das1701@gmail.com,Shaurya Das,STU101701,D,Male,17,CS,23.4,81.53,63.5,73.26,66.96,61.12,53.63,76.66,69.33,C
diya.verma1702@gmail.com,Diya Verma,STU101702,E,Female,19,Business,11.5,69.09,47.61,48.62,62.83,51.37,47.1,62.92,54.23,D
aarav.das1703@gmail.com,Aarav Das,STU101703,E,Female,17,Business,7.3,65.32,45.55,58.84,56.25,56.55,48.8,65.24,56.35,C
riya.chatterjee1704@gmail.com,Riya Chatterjee,STU101704,C,Male,18,CS,15.3,81.5,43.67,60.78,62.07,59.33,51.67,77.97,60.74,C
ira.kumar1705@gmail.com,Ira Kumar,STU101705,A,Female,18,Business,21.2,76.84,62.64,74.52,75.07,57.49,53.84,79.19,70.19,B
sai.sharma1706@gmail.com,Sai Sharma,STU101706,C,Female,21,CS,30.5,94.84,63.97,71.71,85.57,66.4,64.35,90.42,75.53,B
vivaan.gupta1707@gmail.com,Vivaan Gupta,STU101707,C,Female,24,Business,27.1,91.76,72.84,80.93,77.14,69.1,59.67,86.57,78.15,B
myra.patel1708@gmail.com,Myra Patel,STU101708,E,Male,22,Business,17.8,70.61,61.39,56.44,59.3,63.92,50.01,73.85,61.44,C
aditya.chatterjee1709@gmail.com,Aditya Chatterjee,STU101709,D,Female,21,Business,23.8,90.45,52.39,70.67,81.77,69.25,52.92,84.8,71.04,B
ira.das1710@gmail.com,Ira Das,STU101710,E,Female,18,Engineering,19.8,82.54,51.56,69.76,70.48,74.13,51.54,76.86,67.74,C
sai.iyer1711@gmail.com,Sai Iyer,STU101711,C,Female,21,Mathematics,18.9,85.56,64.13,61.53,71.87,69.42,55.64,75.08,67.85,C
ishaan.singh1712@gmail.com,Ishaan Singh,STU101712,D,Male,22,CS,14.4,73.56,49.73,60.18,60.81,64.02,50.86,70.79,60.5,C
ishita.sharma1713@gmail.com,Ishita Sharma,STU101713,D,Female,18,CS,18.8,80.1,59.68,59.5,74.27,52.58,55.54,81.07,65.08,C
ira.sharma1714@gmail.com,Ira Sharma,STU101714,D,Male,17,Engineering,18.2,79.97,61.15,63.65,67.35,59.86,48.31,76.19,65.45,C
navya.roy1715@gmail.com,Navya Roy,STU101715,D,Male,20,Business,17.2,77.58,57.96,68.0,69.97,62.57,48.79,69.17,65.86,C
ishita.singh1716@gmail.com,Ishita Singh,STU101716,D,Male,21,Mathematics,13.4,75.56,54.49,60.61,62.62,56.01,46.84,65.66,60.54,C
aarav.kumar1717@gmail.com,Aarav Kumar,STU101717,C,Male,20,Engineering,32.6,93.87,81.07,88.87,76.9,79.74,50.34,87.65,83.05,B
ishaan.kumar1718@gmail.com,Ishaan Kumar,STU101718,A,Male,18,Business,15.0,78.67,51.08,62.68,65.12,50.48,52.24,74.15,61.73,C
ishaan.verma1719@gmail.com,Ishaan Verma,STU101719,C,Male,18,Business,21.1,82.03,48.44,63.59,73.23,65.07,58.41,78.74,65.25,C
ananya.gupta1720@gmail.com,Ananya Gupta,STU101720,A,Female,17,Mathematics,18.3,76.76,59.08,60.75,68.75,54.84,49.83,76.33,63.64,C
navya.gupta1721@gmail.com,Navya Gupta,STU101721,B,Male,24,Engineering,23.5,88.6,64.92,67.19,70.68,59.71,56.57,80.63,69.47,C
aditya.patel1722@gmail.com,Aditya Patel,STU101722,C,Female,18,Business,14.2,79.21,51.07,59.51,63.55,51.76,41.19,66.86,59.44,C
riya.patel1723@gmail.com,Riya Patel,STU101723,A,Male,24,Business,24.1,85.1,64.97,76.94,70.45,62.76,61.91,82.52,72.78,B
shaurya.kumar1724@gmail.com,Shaurya Kumar,STU101724,A,Male,17,Engineering,21.4,83.68,60.4,66.73,73.64,68.5,54.89,76.54,68.76,C
diya.sharma1725@gmail.com,Diya Sharma,STU101725,E,Male,20,CS,21.2,82.24,62.13,66.79,65.52,61.55,58.49,74.79,67.07,C
shaurya.verma1726@gmail.com,Shaurya Verma,STU101726,E,Female,18,CS,21.7,84.47,68.91,71.45,71.29,63.4,59.93,79.05,71.6,B
ishaan.sharma1727@gmail.com,Ishaan Sharma,STU101727,C,Male,17,Mathematics,19.9,79.73,53.95,57.6,72.66,67.56,62.46,75.62,64.38,C
krishna.singh1728@gmail.com,Krishna Singh,STU101728,D,Female,19,CS,16.6,77.06,48.3,71.12,66.46,59.3,54.82,76.17,64.96,C
krishna.verma1729@gmail.com,Krishna Verma,STU101729,D,Female,23,Business,12.0,68.75,45.43,59.95,63.89,61.16,51.3,69.91,59.2,C
krishna.chatterjee1730@gmail.com,Krishna Chatterjee,STU101730,C,Male,20,Engineering,10.8,69.2,57.92,68.52,58.87,50.19,41.76,71.18,62.12,C
krishna.roy1731@gmail.com,Krishna Roy,STU101731,A,Female,17,Business,26.4,88.33,61.86,70.87,81.74,68.18,62.34,89.82,73.65,B
ishita.das1732@gmail.com,Ishita Das,STU101732,B,Female,22,Engineering,25.6,85.4,71.78,70.46,73.77,74.25,67.32,86.13,74.5,B
reyansh.das1733@gmail.com,Reyansh Das,STU101733,E,Female,20,Mathematics,17.9,77.02,49.27,60.24,66.73,66.58,56.59,80.21,63.15,C
ananya.roy1734@gmail.com,Ananya Roy,STU101734,C,Male,21,Engineering,17.5,73.61,56.71,58.77,65.49,67.71,58.86,69.71,62.84,C
reyansh.singh1735@gmail.com,Reyansh Singh,STU101735,D,Male,20,Engineering,20.7,83.55,57.21,67.92,74.68,61.71,46.23,78.65,67.72,C
aditya.gupta1736@gmail.com,Aditya Gupta,STU101736,C,Male,19,Mathematics,17.1,76.97,56.9,59.55,69.49,58.63,46.08,70.74,62.61,C
arjun.patel1737@gmail.com,Arjun Patel,STU101737,D,Male,19,Engineering,30.5,89.57,69.59,82.04,81.61,78.35,68.81,87.31,79.74,B
vihaan.roy1738@gmail.com,Vihaan Roy,STU101738,C,Female,23,Business,16.4,80.25,47.97,65.41,66.93,59.83,56.38,64.09,62.49,C
anika.iyer1739@gmail.com,Anika Iyer,STU101739,E,Male,23,Engineering,15.5,71.96,61.52,54.72,58.09,52.56,54.39,64.14,59.02,C
ishaan.singh1740@gmail.com,Ishaan Singh,STU101740,D,Female,17,Engineering,15.1,77.81,56.52,62.43,67.35,52.63,54.84,72.8,63.2,C
krishna.kumar1741@gmail.com,Krishna Kumar,STU101741,D,Female,22,Business,21.1,78.88,56.03,69.31,66.95,61.13,49.57,80.26,66.55,C
vihaan.roy1742@gmail.com,Vihaan Roy,STU101742,A,Female,19,CS,13.0,69.89,49.03,48.97,63.56,60.7,49.98,65.43,56.13,C
anika.patel1743@gmail.com,Anika Patel,STU101743,C,Male,22,Mathematics,22.0,82.36,64.05,68.37,67.58,66.15,49.23,81.04,68.87,C
shaurya.chatterjee1744@gmail.com,Shaurya Chatterjee,STU101744,C,Male,19,Business,21.5,79.66,64.09,66.05,66.72,60.76,51.75,85.74,67.84,C
reyansh.singh1745@gmail.com,Reyansh Singh,STU101745,C,Female,24,Business,23.7,86.07,59.76,76.66,79.53,64.16,56.78,82.74,73.01,B
aarav.sharma1746@gmail.com,Aarav Sharma,STU101746,D,Male,23,Business,28.7,88.41,70.5,79.44,78.63,74.08,51.78,92.3,77.79,B
reyansh.gupta1747@gmail.com,Reyansh Gupta,STU101747,A,Male,19,Mathematics,17.1,73.44,53.64,66.06,70.27,53.88,46.38,74.63,63.6,C
ira.das1748@gmail.com,Ira Das,STU101748,B,Female,23,Engineering,18.6,75.08,52.79,60.39,75.73,61.68,58.16,69.15,63.53,C
diya.verma1749@gmail.com,Diya Verma,STU101749,C,Male,18,Engineering,17.3,74.72,54.21,55.89,66.68,49.96,49.07,69.79,59.51,C
myra.singh1750@gmail.com,Myra Singh,STU101750,B,Male,19,CS,26.6,84.06,64.9,78.82,76.28,68.19,68.71,93.76,76.11,B
myra.singh1751@gmail.com,Myra Singh,STU101751,B,Male,17,CS,28.6,86.32,72.39,73.81,84.51,67.03,61.69,94.81,77.2,B
aarav.iyer1752@gmail.com,Aarav Iyer,STU101752,B,Male,20,CS,8.0,68.3,47.63,46.77,58.7,55.17,53.47,59.84,53.37,D
shaurya.singh1753@gmail.com,Shaurya Singh,STU101753,D,Female,23,Mathematics,19.9,76.87,65.58,58.52,68.17,54.79,52.26,73.14,63.99,C
ishita.chatterjee1754@gmail.com,Ishita Chatterjee,STU101754,A,Female,19,Business,20.0,79.96,59.64,62.54,69.05,59.96,56.46,75.1,65.37,C
shaurya.singh1755@gmail.com,Shaurya Singh,STU101755,C,Female,21,Mathematics,17.2,75.44,62.87,59.87,60.02,68.79,53.71,81.0,64.75,C
sai.gupta1756@gmail.com,Sai Gupta,STU101756,A,Female,24,CS,12.8,79.46,45.6,55.56,59.28,60.88,48.69,72.65,58.41,C
sara.roy1757@gmail.com,Sara Roy,STU101757,B,Female,21,Mathematics,21.9,78.73,60.5,72.37,69.97,78.48,49.71,65.82,69.09,C
myra.singh1758@gmail.com,Myra Singh,STU101758,C,Male,22,CS,15.0,76.9,59.02,60.07,66.01,59.15,52.39,70.06,62.96,C
myra.gupta1759@gmail.com,Myra Gupta,STU101759,C,Male,21,Business,21.6,86.85,64.91,72.47,71.34,67.82,44.56,75.54,70.67,B
ira.iyer1760@gmail.com,Ira Iyer,STU101760,E,Male,18,CS,23.6,86.18,63.49,80.01,77.25,75.22,51.19,80.45,75.03,B
aarav.kumar1761@gmail.com,Aarav Kumar,STU101761,D,Male,21,Engineering,6.4,63.31,43.65,50.81,53.02,48.78,45.4,63.02,51.71,D
diya.singh1762@gmail.com,Diya Singh,STU101762,E,Female,24,Mathematics,29.8,90.21,60.04,83.91,80.46,72.36,52.24,87.4,76.86,B
riya.singh1763@gmail.com,Riya Singh,STU101763,C,Male,21,CS,20.8,82.45,68.22,58.91,70.85,63.14,56.47,74.73,66.8,C
ishaan.verma1764@gmail.com,Ishaan Verma,STU101764,B,Male,24,Mathematics,24.1,85.02,61.71,69.29,75.27,72.13,57.4,75.37,70.54,B
sara.roy1765@gmail.com,Sara Roy,STU101765,B,Female,17,Engineering,21.6,86.35,56.1,68.43,77.44,81.09,43.18,73.8,69.65,C
vivaan.gupta1766@gmail.com,Vivaan Gupta,STU101766,C,Male,18,CS,25.6,86.84,58.81,71.72,76.8,65.74,51.37,81.92,70.82,B
shaurya.gupta1767@gmail.com,Shaurya Gupta,STU101767,D,Male,21,Engineering,17.7,76.62,58.4,65.54,62.2,61.84,53.68,72.52,64.45,C
ishaan.chatterjee1768@gmail.com,Ishaan Chatterjee,STU101768,A,Male,24,Engineering,18.3,80.37,50.52,66.33,66.18,59.19,54.85,75.68,64.2,C
aditya.kumar1769@gmail.com,Aditya Kumar,STU101769,E,Male,24,Engineering,24.6,78.3,65.36,70.74,80.93,77.78,63.08,78.72,73.07,B
riya.chatterjee1770@gmail.com,Riya Chatterjee,STU101770,D,Female,22,Business,21.0,79.76,58.63,69.62,71.23,70.28,48.9,82.32,68.98,C
shaurya.gupta1771@gmail.com,Shaurya Gupta,STU101771,E,Female,24,CS,16.6,80.67,56.06,63.88,70.91,68.21,54.46,72.5,65.87,C
anika.kumar1772@gmail.com,Anika Kumar,STU101772,B,Female,17,Business,25.0,84.26,74.06,78.08,71.08,67.82,60.07,76.69,74.78,B
myra.chatterjee1773@gmail.com,Myra Chatterjee,STU101773,D,Male,23,Mathematics,19.2,77.91,53.05,64.9,67.46,56.5,50.77,69.91,63.17,C
ishita.iyer1774@gmail.com,Ishita Iyer,STU101774,D,Female,20,Business,18.7,79.78,62.43,57.99,67.98,65.71,53.39,73.57,64.66,C
krishna.iyer1775@gmail.com,Krishna Iyer,STU101775,D,Male,21,Mathematics,22.5,85.95,62.0,77.27,72.81,62.79,54.85,74.7,71.59,B
diya.singh1776@gmail.com,Diya Singh,STU101776,C,Male,23,CS,15.8,75.25,49.67,59.08,69.2,58.07,49.49,80.01,61.85,C
ananya.verma1777@gmail.com,Ananya Verma,STU101777,D,Male,18,Engineering,30.7,90.07,79.02,74.91,79.94,78.15,61.79,98.72,80.05,B
diya.chatterjee1778@gmail.com,Diya Chatterjee,STU101778,D,Male,17,Mathematics,14.5,74.42,53.12,64.48,60.47,55.89,54.9,61.79,60.99,C
sara.roy1779@gmail.com,Sara Roy,STU101779,B,Female,19,Business,15.6,71.75,52.45,64.6,66.51,59.93,55.2,70.26,62.8,C
riya.chatterjee1780@gmail.com,Riya Chatterjee,STU101780,B,Female,19,Engineering,7.5,67.29,42.75,57.07,58.95,52.78,51.16,61.03,55.18,C
sara.singh1781@gmail.com,Sara Singh,STU101781,B,Male,22,Mathematics,16.2,78.04,62.17,61.4,66.01,61.69,49.61,77.84,64.99,C
shaurya.chatterjee1782@gmail.com,Shaurya Chatterjee,STU101782,A,Female,22,Mathematics,23.5,86.63,55.17,67.73,71.23,69.5,61.39,80.57,68.78,C
sara.singh1783@gmail.com,Sara Singh,STU101783,B,Male,17,Mathematics,25.1,86.32,65.05,71.01,73.45,69.29,55.19,84.84,72.14,B
aditya.singh1784@gmail.com,Aditya Singh,STU101784,D,Female,21,Business,16.1,73.84,50.67,60.2,61.55,51.37,54.84,73.31,60.02,C
krishna.patel1785@gmail.com,Krishna Patel,STU101785,E,Female,22,Business,14.1,75.45,47.75,65.96,67.66,53.5,53.08,73.11,62.35,C
ishaan.verma1786@gmail.com,Ishaan Verma,STU101786,E,Male,19,Business,19.6,73.5,57.41,71.86,65.32,66.11,58.52,70.64,66.79,C
vivaan.singh1787@gmail.com,Vivaan Singh,STU101787,A,Female,20,Mathematics,30.8,92.67,73.63,76.58,85.43,71.79,56.73,84.76,78.27,B
sara.roy1788@gmail.com,Sara Roy,STU101788,E,Male,19,Business,22.2,87.13,59.16,55.88,73.33,62.42,55.37,78.79,65.2,C
riya.sharma1789@gmail.com,Riya Sharma,STU101789,C,Male,20,Business,8.2,65.95,43.61,62.07,58.17,47.49,55.96,60.56,56.26,C
anika.iyer1790@gmail.com,Anika Iyer,STU101790,E,Female,20,Mathematics,28.6,89.06,72.28,76.68,75.86,70.59,58.96,87.07,76.46,B
krishna.kumar1791@gmail.com,Krishna Kumar,STU101791,D,Male,22,Business,29.4,88.54,65.05,75.11,79.52,70.84,55.05,86.86,74.85,B
ishaan.kumar1792@gmail.com,Ishaan Kumar,STU101792,B,Male,23,Business,34.7,95.53,81.01,77.48,86.53,77.06,60.27,89.67,81.67,B
aditya.gupta1793@gmail.com,Aditya Gupta,STU101793,C,Female,21,Mathematics,33.6,100.0,76.85,82.89,86.43,82.08,63.76,92.69,83.87,B
ananya.singh1794@gmail.com,Ananya Singh,STU101794,D,Male,18,Business,7.5,63.54,44.55,61.14,60.01,45.0,40.0,55.0,54.61,D
aditya.singh1795@gmail.com,Aditya Singh,STU101795,B,Female,18,Business,28.8,86.56,70.11,84.29,80.33,75.63,58.43,84.3,78.93,B
aditya.gupta1796@gmail.com,Aditya Gupta,STU101796,B,Female,22,Mathematics,15.2,76.3,51.49,51.56,70.34,56.78,44.65,67.28,58.59,C
diya.chatterjee1797@gmail.com,Diya Chatterjee,STU101797,B,Male,18,CS,13.2,74.31,49.01,48.08,66.88,52.45,55.47,70.19,56.73,C
reyansh.iyer1798@gmail.com,Reyansh Iyer,STU101798,C,Female,20,Engineering,18.7,75.85,67.51,58.33,66.86,61.27,60.47,70.85,64.85,C
myra.kumar1799@gmail.com,Myra Kumar,STU101799,D,Male,22,Business,32.2,96.04,67.68,86.17,75.94,76.82,66.25,91.4,80.52,B
krishna.chatterjee1800@gmail.com,Krishna Chatterjee,STU101800,C,Female,20,Mathematics,27.9,88.57,76.83,82.88,74.89,73.33,58.31,82.57,78.83,B
diya.roy1801@gmail.com,Diya Roy,STU101801,A,Male,20,Engineering,13.6,70.45,46.12,49.09,63.44,58.17,56.31,67.88,55.93,C
vivaan.iyer1802@gmail.com,Vivaan Iyer,STU101802,C,Female,21,Business,31.5,96.04,74.88,86.29,80.95,67.4,62.19,79.31,80.39,B
krishna.das1803@gmail.com,Krishna Das,STU101803,B,Male,20,Mathematics,13.1,75.45,58.04,53.86,56.8,52.36,66.36,69.55,59.34,C
vivaan.das1804@gmail.com,Vivaan Das,STU101804,E,Female,18,Business,28.4,83.2,65.73,69.61,72.75,67.41,65.22,90.58,72.32,B
ananya.sharma1805@gmail.com,Ananya Sharma,STU101805,E,Female,24,Business,15.5,73.2,58.11,64.15,64.84,57.8,55.13,66.07,63.06,C
diya.kumar1806@gmail.com,Diya Kumar,STU101806,C,Male,23,Mathematics,21.0,83.11,70.1,75.55,74.83,65.85,62.76,72.92,73.23,B
aditya.patel1807@gmail.com,Aditya Patel,STU101807,D,Male,19,CS,12.6,73.02,47.04,56.81,67.89,59.09,40.75,77.73,59.66,C
krishna.das1808@gmail.com,Krishna Das,STU101808,D,Male,23,Mathematics,23.9,88.71,65.07,74.37,71.09,68.79,49.89,74.93,71.73,B
myra.verma1809@gmail.com,Myra Verma,STU101809,A,Female,19,Engineering,27.4,89.35,69.9,71.87,74.08,71.81,51.56,90.9,74.44,B
shaurya.singh1810@gmail.com,Shaurya Singh,STU101810,E,Male,18,Business,18.8,78.08,60.12,61.48,67.25,66.38,47.32,83.81,65.75,C
vivaan.iyer1811@gmail.com,Vivaan Iyer,STU101811,C,Female,18,CS,21.4,80.77,68.75,70.27,69.93,67.01,67.66,82.69,71.75,B
myra.patel1812@gmail.com,Myra Patel,STU101812,C,Male,24,Business,14.4,68.37,56.0,60.32,63.76,56.86,51.94,80.07,61.99,C
navya.iyer1813@gmail.com,Navya Iyer,STU101813,C,Female,20,CS,11.0,65.89,60.67,59.32,55.98,57.15,53.48,68.89,60.2,C
ira.patel1814@gmail.com,Ira Patel,STU101814,A,Female,20,Mathematics,34.6,93.0,66.26,82.84,83.1,80.77,61.41,89.82,80.0,B
navya.patel1815@gmail.com,Navya Patel,STU101815,C,Male,18,Mathematics,19.4,83.06,61.61,71.98,74.18,67.58,66.4,72.34,70.66,B
aarav.iyer1816@gmail.com,Aarav Iyer,STU101816,D,Female,17,Mathematics,30.3,91.72,69.78,75.94,87.27,74.35,66.12,89.1,78.65,B
reyansh.roy1817@gmail.com,Reyansh Roy,STU101817,E,Female,24,Business,22.1,78.19,65.5,63.18,71.29,68.58,63.09,84.53,69.04,C
ishita.singh1818@gmail.com,Ishita Singh,STU101818,B,Female,21,Mathematics,14.1,73.56,59.77,67.33,61.73,56.45,52.29,71.79,64.21,C
ishita.iyer1819@gmail.com,Ishita Iyer,STU101819,A,Male,22,Mathematics,13.0,72.5,58.04,57.23,65.72,53.33,54.52,70.75,61.02,C
anika.iyer1820@gmail.com,Anika Iyer,STU101820,B,Male,22,Engineering,19.1,75.78,52.98,66.33,74.82,64.61,58.53,77.44,66.43,C
ira.verma1821@gmail.com,Ira Verma,STU101821,A,Female,17,Mathematics,28.1,91.37,69.51,69.0,74.2,68.76,57.27,80.73,72.68,B
sara.singh1822@gmail.com,Sara Singh,STU101822,E,Male,19,Mathematics,17.5,79.45,57.99,57.79,67.7,60.31,44.49,80.4,63.33,C
sai.patel1823@gmail.com,Sai Patel,STU101823,A,Male,24,Mathematics,19.0,82.09,56.41,65.96,60.46,61.44,56.77,76.99,65.03,C
sara.chatterjee1824@gmail.com,Sara Chatterjee,STU101824,C,Male,17,Business,19.7,79.74,57.21,63.95,72.36,67.45,49.58,70.16,65.7,C
myra.patel1825@gmail.com,Myra Patel,STU101825,C,Female,24,CS,21.5,75.75,64.35,65.29,71.08,65.74,53.33,72.42,67.18,C
ishita.iyer1826@gmail.com,Ishita Iyer,STU101826,C,Female,20,Engineering,18.8,76.73,49.54,61.14,61.15,60.55,54.56,76.27,61.5,C
ira.das1827@gmail.com,Ira Das,STU101827,E,Male,18,Engineering,15.6,75.03,57.21,61.78,65.3,62.44,60.82,67.76,63.33,C
ishaan.roy1828@gmail.com,Ishaan Roy,STU101828,D,Female,18,CS,19.7,76.16,61.17,64.79,70.85,64.87,51.66,83.42,67.33,C
aarav.sharma1829@gmail.com,Aarav Sharma,STU101829,A,Female,21,Business,26.0,82.94,64.58,91.78,73.41,67.63,58.13,84.52,77.88,B
shaurya.singh1830@gmail.com,Shaurya Singh,STU101830,C,Female,19,Business,13.1,72.2,55.38,60.87,70.03,60.25,42.24,66.37,61.84,C
diya.chatterjee1831@gmail.com,Diya Chatterjee,STU101831,B,Male,18,CS,21.6,85.81,69.35,85.43,66.44,63.27,59.58,76.34,74.99,B
aadhya.roy1832@gmail.com,Aadhya Roy,STU101832,B,Male,21,CS,17.7,76.86,59.09,62.02,64.62,65.94,47.8,70.55,63.84,C
navya.verma1833@gmail.com,Navya Verma,STU101833,B,Female,18,Mathematics,25.4,88.58,69.53,77.16,77.5,62.51,73.36,85.66,76.02,B
ananya.iyer1834@gmail.com,Ananya Iyer,STU101834,C,Male,18,Engineering,10.8,72.32,47.77,63.92,59.9,50.68,46.23,71.6,59.49,C
arjun.kumar1835@gmail.com,Arjun Kumar,STU101835,C,Female,24,CS,26.5,83.81,62.64,79.66,67.73,75.32,51.32,82.77,73.34,B
sara.gupta1836@gmail.com,Sara Gupta,STU101836,A,Male,24,Mathematics,17.1,74.07,50.22,60.91,62.29,63.91,49.22,73.3,61.25,C
aadhya.gupta1837@gmail.com,Aadhya Gupta,STU101837,A,Male,19,Business,21.6,71.74,58.79,62.99,67.85,75.89,48.72,83.26,66.36,C
vihaan.sharma1838@gmail.com,Vihaan Sharma,STU101838,E,Female,21,Engineering,32.7,89.05,76.62,81.41,78.24,72.39,60.15,82.69,78.9,B
ananya.kumar1839@gmail.com,Ananya Kumar,STU101839,D,Male,20,Engineering,24.1,86.55,62.46,74.54,77.07,60.98,56.04,79.1,71.88,B
riya.kumar1840@gmail.com,Riya Kumar,STU101840,C,Female,17,Engineering,18.3,73.86,52.9,67.27,67.41,63.31,48.24,74.33,64.43,C
ishita.sharma1841@gmail.com,Ishita Sharma,STU101841,A,Male,22,Business,15.4,72.18,64.72,65.1,66.79,58.26,56.75,71.01,65.47,C
shaurya.iyer1842@gmail.com,Shaurya Iyer,STU101842,E,Male,24,Engineering,16.0,74.81,49.59,64.22,69.55,58.0,52.42,76.57,63.18,C
vivaan.kumar1843@gmail.com,Vivaan Kumar,STU101843,B,Female,23,Engineering,20.5,76.85,63.49,68.92,70.44,66.4,48.65,80.08,68.71,C
riya.singh1844@gmail.com,Riya Singh,STU101844,A,Male,22,Engineering,19.6,78.76,57.54,60.58,70.75,60.03,51.53,77.08,64.46,C
shaurya.roy1845@gmail.com,Shaurya Roy,STU101845,A,Female,19,Engineering,23.6,82.15,65.67,74.88,68.34,73.18,57.05,82.79,72.51,B
navya.patel1846@gmail.com,Navya Patel,STU101846,D,Female,21,Engineering,9.9,66.87,52.0,59.2,62.98,58.47,51.15,71.31,59.83,C
riya.gupta1847@gmail.com,Riya Gupta,STU101847,B,Female,24,CS,23.3,81.44,62.49,76.13,74.02,62.47,56.64,78.99,71.56,B
vivaan.roy1848@gmail.com,Vivaan Roy,STU101848,E,Male,20,CS,21.2,80.48,55.76,68.6,72.86,67.2,57.33,79.75,68.27,C
ira.singh1849@gmail.com,Ira Singh,STU101849,C,Female,22,Engineering,24.5,86.05,55.72,69.71,71.62,67.44,68.85,83.68,69.96,C
ishita.kumar1850@gmail.com,Ishita Kumar,STU101850,D,Female,17,CS,20.3,83.33,59.3,69.22,71.62,64.97,57.58,78.26,68.9,C
vivaan.verma1851@gmail.com,Vivaan Verma,STU101851,C,Male,24,Business,25.0,87.63,67.8,64.88,76.23,63.36,72.47,79.21,71.1,B
vihaan.roy1852@gmail.com,Vihaan Roy,STU101852,A,Female,19,Engineering,10.8,66.05,64.52,68.19,52.59,50.92,54.26,64.65,62.12,C
ishita.das1853@gmail.com,Ishita Das,STU101853,E,Male,22,Mathematics,12.5,67.88,48.31,63.25,63.39,54.62,45.85,71.27,59.82,C
vivaan.iyer1854@gmail.com,Vivaan Iyer,STU101854,C,Male,24,CS,29.2,93.9,69.91,77.06,77.06,72.41,61.9,87.43,77.13,B
riya.gupta1855@gmail.com,Riya Gupta,STU101855,D,Female,24,CS,21.4,80.72,59.31,63.14,70.85,64.27,47.46,78.76,66.18,C
myra.iyer1856@gmail.com,Myra Iyer,STU101856,C,Female,20,Engineering,22.6,83.14,67.82,66.06,79.15,60.94,49.17,82.09,70.33,B
ishita.chatterjee1857@gmail.com,Ishita Chatterjee,STU101857,A,Male,20,Engineering,17.6,73.65,62.68,70.44,64.49,56.32,46.79,67.23,65.4,C
riya.chatterjee1858@gmail.com,Riya Chatterjee,STU101858,A,Male,22,Engineering,26.2,84.45,61.95,75.27,80.87,70.08,57.68,80.52,73.49,B
anika.singh1859@gmail.com,Anika Singh,STU101859,E,Male,18,CS,15.0,75.69,58.73,53.91,63.69,53.21,44.8,76.89,60.29,C
navya.patel1860@gmail.com,Navya Patel,STU101860,C,Female,20,CS,26.1,86.08,71.78,70.64,81.08,79.43,52.74,85.42,75.44,B
krishna.verma1861@gmail.com,Krishna Verma,STU101861,D,Male,17,CS,30.6,94.95,67.96,79.85,75.23,72.56,57.34,74.01,75.85,B
aarav.gupta1862@gmail.com,Aarav Gupta,STU101862,C,Female,19,Mathematics,20.2,79.87,59.21,68.29,71.12,59.85,61.65,78.09,67.86,C
krishna.das1863@gmail.com,Krishna Das,STU101863,A,Female,22,CS,25.1,86.3,70.22,70.29,72.99,62.01,49.53,86.42,72.03,B
myra.iyer1864@gmail.com,Myra Iyer,STU101864,B,Male,22,Business,17.3,76.85,66.34,64.78,69.61,67.27,46.67,74.27,67.32,C
myra.kumar1865@gmail.com,Myra Kumar,STU101865,B,Male,19,Mathematics,12.2,74.49,48.64,45.19,57.45,57.66,42.3,68.77,54.11,D
sara.sharma1866@gmail.com,Sara Sharma,STU101866,D,Female,23,Engineering,28.3,88.9,69.22,68.38,80.84,75.13,53.06,89.45,74.48,B
diya.kumar1867@gmail.com,Diya Kumar,STU101867,E,Male,21,Mathematics,28.3,91.03,63.02,82.51,75.15,73.55,65.48,83.31,76.69,B
riya.patel1868@gmail.com,Riya Patel,STU101868,D,Female,19,Engineering,31.8,86.65,77.95,76.21,84.22,65.86,59.22,95.18,78.82,B
sai.chatterjee1869@gmail.com,Sai Chatterjee,STU101869,B,Male,24,Business,16.6,80.47,51.32,58.56,67.45,59.83,61.47,68.34,61.89,C
aadhya.chatterjee1870@gmail.com,Aadhya Chatterjee,STU101870,E,Male,17,Business,19.9,82.25,73.24,70.64,71.16,60.52,45.65,73.74,70.45,B
reyansh.verma1871@gmail.com,Reyansh Verma,STU101871,A,Male,23,Engineering,31.5,98.84,75.47,75.75,77.37,72.66,57.15,94.29,78.86,B
aditya.verma1872@gmail.com,Aditya Verma,STU101872,B,Female,19,CS,14.0,78.18,52.87,64.69,69.71,52.72,45.9,63.23,62.14,C
myra.verma1873@gmail.com,Myra Verma,STU101873,B,Male,18,CS,5.8,70.53,40.0,45.0,56.94,52.68,40.0,65.6,50.92,D
ananya.chatterjee1874@gmail.com,Ananya Chatterjee,STU101874,C,Male,17,Business,17.6,76.64,57.79,63.62,68.7,57.33,54.02,70.22,64.07,C
riya.kumar1875@gmail.com,Riya Kumar,STU101875,B,Female,21,Business,12.5,74.12,58.6,65.17,59.74,59.97,40.0,59.05,61.54,C
ananya.roy1876@gmail.com,Ananya Roy,STU101876,C,Female,20,Mathematics,5.0,64.68,48.72,47.24,53.69,45.52,45.8,59.13,51.19,D
arjun.sharma1877@gmail.com,Arjun Sharma,STU101877,E,Female,23,Mathematics,23.0,92.79,56.86,71.53,72.17,59.95,60.92,84.32,70.41,B
riya.chatterjee1878@gmail.com,Riya Chatterjee,STU101878,C,Female,18,Engineering,17.8,78.94,60.08,65.05,74.06,61.15,55.42,70.9,66.51,C
sara.gupta1879@gmail.com,Sara Gupta,STU101879,E,Male,24,CS,27.6,85.96,73.97,73.88,75.7,68.95,53.1,86.3,75.09,B
arjun.gupta1880@gmail.com,Arjun Gupta,STU101880,D,Male,24,Mathematics,23.1,79.15,62.18,68.96,74.79,67.61,49.48,79.12,69.4,C
riya.chatterjee1881@gmail.com,Riya Chatterjee,STU101881,E,Female,19,Mathematics,28.2,83.18,63.11,74.27,77.52,78.96,67.13,85.52,74.65,B
diya.sharma1882@gmail.com,Diya Sharma,STU101882,C,Female,24,Mathematics,26.5,89.52,66.08,68.3,81.53,66.82,56.3,85.12,72.89,B
aadhya.gupta1883@gmail.com,Aadhya Gupta,STU101883,C,Male,19,Mathematics,21.8,77.42,59.75,71.03,75.02,62.92,54.91,78.0,69.09,C
vihaan.patel1884@gmail.com,Vihaan Patel,STU101884,A,Male,23,Business,22.6,87.03,66.61,65.66,70.68,68.3,52.15,74.04,69.17,C
riya.das1885@gmail.com,Riya Das,STU101885,E,Female,21,CS,19.0,81.31,66.4,69.76,70.67,68.41,58.31,79.26,70.62,B
reyansh.verma1886@gmail.com,Reyansh Verma,STU101886,C,Male,20,Mathematics,14.1,71.92,51.13,58.33,64.69,63.3,41.47,65.19,59.54,C
ira.chatterjee1887@gmail.com,Ira Chatterjee,STU101887,E,Female,18,Engineering,18.9,78.4,49.97,66.33,75.62,59.43,56.96,75.52,65.42,C
sai.chatterjee1888@gmail.com,Sai Chatterjee,STU101888,A,Male,21,Mathematics,26.2,84.76,59.71,84.56,77.15,72.79,59.89,86.37,76.27,B
aadhya.das1889@gmail.com,Aadhya Das,STU101889,C,Male,22,CS,13.9,72.85,54.09,60.16,57.79,53.02,40.0,77.7,59.89,C
anika.singh1890@gmail.com,Anika Singh,STU101890,B,Female,21,Engineering,12.6,69.05,51.76,69.58,66.25,55.17,48.09,78.45,63.84,C
krishna.singh1891@gmail.com,Krishna Singh,STU101891,A,Male,17,Mathematics,20.3,82.16,54.31,65.88,74.2,66.99,51.05,75.52,66.78,C
ishita.verma1892@gmail.com,Ishita Verma,STU101892,B,Female,19,Engineering,21.3,80.93,59.32,65.9,71.84,66.69,63.91,82.39,68.6,C
vivaan.sharma1893@gmail.com,Vivaan Sharma,STU101893,D,Female,21,CS,34.4,96.87,75.9,79.83,89.45,72.34,61.51,98.41,82.38,B
navya.sharma1894@gmail.com,Navya Sharma,STU101894,E,Female,24,Engineering,19.3,77.38,54.14,71.04,65.83,57.83,51.13,80.63,66.16,C
reyansh.roy1895@gmail.com,Reyansh Roy,STU101895,A,Female,19,Mathematics,31.3,95.92,57.42,79.06,86.59,81.1,52.0,91.78,77.67,B
shaurya.sharma1896@gmail.com,Shaurya Sharma,STU101896,E,Male,21,Mathematics,25.7,92.7,59.17,70.33,70.38,64.04,60.41,80.28,70.21,B
myra.iyer1897@gmail.com,Myra Iyer,STU101897,A,Female,19,Engineering,18.2,76.52,58.16,64.75,65.96,58.36,57.34,65.17,63.82,C
ishaan.kumar1898@gmail.com,Ishaan Kumar,STU101898,E,Male,24,CS,23.5,86.16,63.08,73.94,68.83,69.17,59.37,86.18,72.24,B
diya.sharma1899@gmail.com,Diya Sharma,STU101899,B,Female,22,Business,14.4,68.82,60.65,61.82,65.26,56.74,50.69,67.79,62.34,C
ira.sharma1900@gmail.com,Ira Sharma,STU101900,A,Male,20,CS,26.4,83.7,65.27,74.31,78.3,68.03,56.65,76.13,72.71,B
ishita.sharma1901@gmail.com,Ishita Sharma,STU101901,D,Female,22,Business,30.8,93.66,63.36,72.71,91.71,73.81,57.51,85.82,76.45,B
riya.roy1902@gmail.com,Riya Roy,STU101902,C,Female,23,CS,27.8,84.18,71.27,68.2,71.41,71.87,60.42,83.95,72.45,B
ishaan.iyer1903@gmail.com,Ishaan Iyer,STU101903,A,Male,18,Mathematics,27.3,86.11,71.17,82.36,79.52,70.62,59.74,85.37,78.07,B
riya.kumar1904@gmail.com,Riya Kumar,STU101904,C,Male,19,Business,6.9,70.85,57.07,51.57,53.87,52.92,46.99,66.96,56.39,C
diya.roy1905@gmail.com,Diya Roy,STU101905,E,Male,18,Engineering,13.9,68.6,56.82,54.44,59.2,58.41,55.01,72.93,59.32,C
riya.das1906@gmail.com,Riya Das,STU101906,D,Female,18,Mathematics,17.6,79.52,74.62,58.95,67.56,53.32,51.8,75.87,66.2,C
myra.das1907@gmail.com,Myra Das,STU101907,C,Male,18,CS,14.2,71.97,54.2,52.47,60.63,60.3,47.17,74.53,58.72,C
ananya.kumar1908@gmail.com,Ananya Kumar,STU101908,A,Female,23,Business,19.2,82.23,62.27,61.69,75.35,64.89,56.78,75.63,67.38,C
sara.gupta1909@gmail.com,Sara Gupta,STU101909,D,Male,17,Engineering,16.5,74.97,58.23,67.15,65.94,54.08,59.64,74.02,64.97,C
krishna.das1910@gmail.com,Krishna Das,STU101910,E,Male,18,Mathematics,21.6,86.64,63.58,62.98,76.06,75.7,62.45,85.44,70.92,B
aditya.chatterjee1911@gmail.com,Aditya Chatterjee,STU101911,D,Female,24,Mathematics,14.5,75.12,54.59,66.3,61.41,57.2,55.4,70.76,63.1,C
myra.patel1912@gmail.com,Myra Patel,STU101912,D,Female,21,Mathematics,15.1,76.89,53.69,69.43,63.57,59.17,48.52,72.94,64.43,C
ishaan.sharma1913@gmail.com,Ishaan Sharma,STU101913,E,Female,20,Engineering,15.2,75.93,49.47,56.96,68.55,66.17,54.45,69.42,61.14,C
vivaan.das1914@gmail.com,Vivaan Das,STU101914,A,Female,17,CS,18.8,74.4,55.52,61.29,68.3,56.26,43.67,69.12,61.9,C
navya.sharma1915@gmail.com,Navya Sharma,STU101915,E,Male,20,Business,14.3,78.98,48.43,62.41,75.77,52.93,47.16,69.05,62.23,C
aarav.das1916@gmail.com,Aarav Das,STU101916,D,Female,21,Business,22.7,84.94,62.57,73.68,75.52,65.95,50.24,79.62,71.51,B
aarav.patel1917@gmail.com,Aarav Patel,STU101917,D,Female,19,Engineering,18.8,77.45,66.09,66.95,68.58,63.97,46.91,79.54,68.03,C
krishna.patel1918@gmail.com,Krishna Patel,STU101918,E,Male,22,CS,21.1,80.38,62.42,76.85,84.06,70.15,68.04,73.43,73.95,B
aarav.verma1919@gmail.com,Aarav Verma,STU101919,A,Female,23,Business,18.7,75.14,58.91,69.14,67.82,71.82,54.04,75.6,67.65,C
riya.chatterjee1920@gmail.com,Riya Chatterjee,STU101920,E,Female,21,Business,22.0,78.42,54.19,68.24,74.02,66.85,53.55,80.24,67.64,C
sara.roy1921@gmail.com,Sara Roy,STU101921,B,Female,22,Mathematics,18.5,76.75,50.02,72.48,68.57,56.88,54.66,77.23,65.85,C
myra.das1922@gmail.com,Myra Das,STU101922,D,Male,24,Mathematics,12.2,69.9,50.21,61.33,69.48,53.39,40.89,66.28,59.86,C
shaurya.patel1923@gmail.com,Shaurya Patel,STU101923,B,Female,21,Business,10.6,70.94,53.85,57.09,59.88,53.61,50.28,66.9,58.54,C
sara.patel1924@gmail.com,Sara Patel,STU101924,E,Female,21,Mathematics,17.4,76.95,55.29,66.3,70.45,54.35,56.72,79.02,65.39,C
sara.singh1925@gmail.com,Sara Singh,STU101925,B,Male,22,CS,16.8,77.78,56.46,57.25,65.27,50.79,49.16,72.37,60.81,C
aditya.gupta1926@gmail.com,Aditya Gupta,STU101926,E,Female,17,Mathematics,15.3,75.66,52.68,66.93,70.86,59.64,48.27,73.36,64.52,C
vivaan.verma1927@gmail.com,Vivaan Verma,STU101927,C,Male,22,CS,19.1,80.72,50.68,65.11,69.97,51.12,45.16,74.78,63.09,C
myra.kumar1928@gmail.com,Myra Kumar,STU101928,A,Female,23,Engineering,20.5,80.08,57.43,66.62,71.48,58.54,53.54,78.48,66.58,C
navya.chatterjee1929@gmail.com,Navya Chatterjee,STU101929,C,Male,22,Engineering,12.7,69.1,56.42,60.34,62.17,55.54,61.87,76.2,61.89,C
sara.das1930@gmail.com,Sara Das,STU101930,A,Male,21,Business,12.1,64.8,52.14,61.59,57.92,59.17,45.03,70.93,59.33,C
ananya.kumar1931@gmail.com,Ananya Kumar,STU101931,A,Female,17,CS,14.2,76.65,54.5,58.42,65.53,61.17,51.8,64.74,61.1,C
ishaan.patel1932@gmail.com,Ishaan Patel,STU101932,D,Male,24,CS,20.9,78.97,64.8,68.07,65.72,65.04,58.14,75.26,68.07,C
navya.gupta1933@gmail.com,Navya Gupta,STU101933,D,Female,23,CS,22.1,80.54,57.3,75.13,64.81,61.99,57.77,83.83,69.25,C
navya.kumar1934@gmail.com,Navya Kumar,STU101934,B,Male,20,Business,13.2,67.07,58.56,53.66,68.95,50.23,51.42,70.03,59.46,C
sara.gupta1935@gmail.com,Sara Gupta,STU101935,C,Male,20,Engineering,25.7,86.81,66.49,81.87,81.8,63.1,55.93,83.67,76.28,B
sara.roy1936@gmail.com,Sara Roy,STU101936,D,Male,20,CS,20.0,83.01,64.71,69.42,70.06,66.42,50.92,77.93,69.56,C
aadhya.sharma1937@gmail.com,Aadhya Sharma,STU101937,B,Female,18,CS,29.0,85.61,76.82,81.44,75.07,78.46,78.16,84.89,79.86,B
ishita.das1938@gmail.com,Ishita Das,STU101938,B,Male,19,Business,8.3,68.25,40.25,59.12,55.73,51.94,56.58,61.21,55.11,C
myra.sharma1939@gmail.com,Myra Sharma,STU101939,A,Female,19,Mathematics,24.1,85.2,56.57,67.42,72.16,65.76,70.48,86.53,69.63,C
ishita.kumar1940@gmail.com,Ishita Kumar,STU101940,D,Male,18,Engineering,21.0,77.03,58.98,69.77,74.14,66.95,54.79,72.77,68.26,C
aadhya.singh1941@gmail.com,Aadhya Singh,STU101941,E,Male,24,Mathematics,23.2,79.76,62.76,73.41,71.21,58.47,60.66,81.74,70.29,B
ananya.chatterjee1942@gmail.com,Ananya Chatterjee,STU101942,E,Female,23,Mathematics,20.4,80.99,55.75,57.07,71.2,51.76,57.72,81.14,63.22,C
shaurya.singh1943@gmail.com,Shaurya Singh,STU101943,D,Male,24,CS,15.3,74.71,65.25,52.73,67.39,70.85,56.51,73.61,63.72,C
anika.kumar1944@gmail.com,Anika Kumar,STU101944,B,Female,18,CS,11.9,71.62,51.36,53.91,58.08,50.77,44.28,66.64,56.27,C
aadhya.das1945@gmail.com,Aadhya Das,STU101945,A,Female,20,Engineering,22.5,84.02,49.03,70.31,74.03,62.07,53.23,76.95,66.97,C
aarav.das1946@gmail.com,Aarav Das,STU101946,D,Female,21,Mathematics,17.3,74.46,49.85,60.48,67.27,56.07,63.02,70.26,61.43,C
shaurya.verma1947@gmail.com,Shaurya Verma,STU101947,B,Male,21,Business,31.2,90.85,73.38,83.65,80.38,70.2,49.63,97.04,80.12,B
reyansh.kumar1948@gmail.com,Reyansh Kumar,STU101948,A,Male,22,Business,34.5,96.73,75.3,77.38,85.09,82.49,60.34,95.59,81.54,B
anika.patel1949@gmail.com,Anika Patel,STU101949,C,Female,20,Mathematics,17.7,77.28,68.69,60.55,64.03,69.43,57.18,74.78,66.52,C
sai.roy1950@gmail.com,Sai Roy,STU101950,C,Male,19,Business,20.3,85.0,63.53,62.15,73.27,61.51,55.26,75.8,67.34,C
ishita.verma1951@gmail.com,Ishita Verma,STU101951,D,Male,21,CS,19.7,86.19,60.41,66.43,69.57,65.99,52.97,78.98,68.21,C
ira.verma1952@gmail.com,Ira Verma,STU101952,E,Female,20,Business,19.5,84.21,56.01,71.98,70.87,60.06,51.35,81.36,68.56,C
ira.sharma1953@gmail.com,Ira Sharma,STU101953,D,Male,17,Business,8.5,69.0,49.11,55.4,59.65,48.38,40.0,60.16,55.14,C
sai.singh1954@gmail.com,Sai Singh,STU101954,C,Female,21,Business,27.9,81.95,65.13,71.1,82.08,63.21,53.99,87.3,72.61,B
vihaan.iyer1955@gmail.com,Vihaan Iyer,STU101955,C,Male,23,Engineering,10.5,66.66,53.59,66.53,52.76,47.33,43.88,63.11,58.5,C
aarav.gupta1956@gmail.com,Aarav Gupta,STU101956,D,Male,18,CS,23.4,83.39,64.3,65.64,69.93,69.11,41.13,72.97,67.64,C
diya.singh1957@gmail.com,Diya Singh,STU101957,C,Female,19,Business,20.3,78.54,59.12,65.84,74.23,64.82,59.85,74.7,67.51,C
sara.sharma1958@gmail.com,Sara Sharma,STU101958,B,Female,21,Mathematics,12.9,71.2,50.91,54.74,64.52,54.39,47.26,74.76,58.68,C
vihaan.iyer1959@gmail.com,Vihaan Iyer,STU101959,B,Female,23,CS,17.5,78.72,53.64,68.23,65.2,68.08,63.14,72.45,66.06,C
myra.chatterjee1960@gmail.com,Myra Chatterjee,STU101960,D,Male,21,Mathematics,29.4,90.3,74.72,72.44,80.21,64.2,67.62,91.44,76.68,B
ananya.verma1961@gmail.com,Ananya Verma,STU101961,B,Male,20,Mathematics,17.1,77.02,51.1,61.06,68.05,63.77,53.94,72.2,62.74,C
arjun.singh1962@gmail.com,Arjun Singh,STU101962,E,Male,19,Mathematics,18.9,79.4,55.15,67.92,63.96,54.72,53.67,77.58,64.85,C
ishita.iyer1963@gmail.com,Ishita Iyer,STU101963,C,Male,18,CS,18.1,75.34,56.42,65.77,69.64,52.41,51.83,69.17,63.74,C
sara.verma1964@gmail.com,Sara Verma,STU101964,C,Female,22,Mathematics,24.9,78.84,74.26,72.8,74.63,69.62,53.25,89.72,74.37,B
diya.singh1965@gmail.com,Diya Singh,STU101965,A,Male,21,Business,17.4,80.32,53.48,64.02,67.99,61.72,41.21,67.6,63.13,C
vihaan.iyer1966@gmail.com,Vihaan Iyer,STU101966,B,Female,21,Business,21.0,79.04,59.28,65.75,70.0,64.47,59.88,76.1,67.04,C
sai.singh1967@gmail.com,Sai Singh,STU101967,C,Male,21,CS,18.8,75.18,68.17,65.11,65.85,60.08,48.93,79.36,66.95,C
myra.patel1968@gmail.com,Myra Patel,STU101968,D,Female,21,CS,17.9,76.76,49.82,66.91,69.38,61.18,53.79,64.48,63.38,C
reyansh.chatterjee1969@gmail.com,Reyansh Chatterjee,STU101969,E,Female,18,Mathematics,13.6,72.04,55.48,55.69,63.43,58.74,50.5,70.53,59.97,C
sara.verma1970@gmail.com,Sara Verma,STU101970,B,Male,21,CS,22.0,83.13,59.84,63.08,68.61,58.18,49.25,73.8,65.16,C
krishna.chatterjee1971@gmail.com,Krishna Chatterjee,STU101971,B,Female,19,Business,13.1,72.55,53.24,51.06,64.7,54.75,58.62,68.4,58.17,C
vihaan.iyer1972@gmail.com,Vihaan Iyer,STU101972,D,Male,17,Business,34.6,96.56,72.59,84.98,83.4,69.91,60.48,96.44,81.84,B
shaurya.gupta1973@gmail.com,Shaurya Gupta,STU101973,D,Female,17,Mathematics,7.9,69.66,51.82,55.8,53.52,46.89,55.42,61.28,55.68,C
ishaan.patel1974@gmail.com,Ishaan Patel,STU101974,E,Male,21,CS,16.1,77.88,49.07,64.36,63.73,71.39,45.59,71.41,63.03,C
reyansh.kumar1975@gmail.com,Reyansh Kumar,STU101975,B,Male,24,Business,29.0,89.64,68.59,73.81,75.12,71.1,55.77,81.87,74.18,B
riya.chatterjee1976@gmail.com,Riya Chatterjee,STU101976,C,Female,20,Engineering,14.8,79.25,48.33,57.07,65.49,55.59,63.08,72.41,60.49,C
vivaan.roy1977@gmail.com,Vivaan Roy,STU101977,D,Male,24,Business,19.9,80.52,48.67,67.18,68.67,65.4,54.07,80.95,65.58,C
aditya.kumar1978@gmail.com,Aditya Kumar,STU101978,D,Male,18,Mathematics,26.6,86.81,70.32,74.88,82.16,67.36,63.64,85.26,75.98,B
myra.roy1979@gmail.com,Myra Roy,STU101979,D,Male,19,Mathematics,28.9,85.3,64.39,81.89,80.1,68.84,66.3,85.67,76.76,B
riya.roy1980@gmail.com,Riya Roy,STU101980,E,Female,23,Mathematics,29.1,87.94,71.0,76.52,79.2,73.93,55.18,81.17,76.1,B
arjun.roy1981@gmail.com,Arjun Roy,STU101981,A,Female,22,Engineering,18.8,73.68,58.04,67.45,67.39,59.7,51.82,77.7,65.65,C
vivaan.chatterjee1982@gmail.com,Vivaan Chatterjee,STU101982,A,Male,24,CS,21.2,82.57,63.2,69.09,76.94,63.34,43.48,76.69,69.34,C
ishaan.chatterjee1983@gmail.com,Ishaan Chatterjee,STU101983,A,Male,17,Engineering,21.1,80.31,55.18,76.23,73.98,60.99,57.46,78.59,69.86,C
ira.iyer1984@gmail.com,Ira Iyer,STU101984,A,Male,24,Business,18.9,81.73,60.04,63.18,66.22,64.85,68.09,82.77,67.23,C
shaurya.kumar1985@gmail.com,Shaurya Kumar,STU101985,C,Male,24,Engineering,27.8,80.19,65.51,81.85,79.77,73.1,59.34,77.57,75.67,B
krishna.kumar1986@gmail.com,Krishna Kumar,STU101986,E,Female,17,Business,22.1,80.77,60.13,71.9,63.31,76.62,59.26,85.04,70.3,B
navya.patel1987@gmail.com,Navya Patel,STU101987,D,Male,17,Engineering,31.9,95.76,68.78,80.63,90.8,70.53,63.02,87.6,80.1,B
reyansh.das1988@gmail.com,Reyansh Das,STU101988,C,Male,24,Engineering,26.3,85.16,58.57,80.78,76.44,66.19,53.22,83.8,73.59,B
aadhya.gupta1989@gmail.com,Aadhya Gupta,STU101989,C,Male,20,Engineering,21.8,82.99,65.89,66.98,71.58,62.66,52.6,81.62,69.37,C
ananya.gupta1990@gmail.com,Ananya Gupta,STU101990,A,Male,21,Business,20.5,79.07,63.19,69.73,66.39,64.15,50.12,69.39,67.28,C
reyansh.verma1991@gmail.com,Reyansh Verma,STU101991,B,Male,24,Engineering,19.0,84.94,54.65,75.96,71.47,63.64,40.67,70.99,68.43,C
diya.iyer1992@gmail.com,Diya Iyer,STU101992,D,Female,19,Business,32.1,89.73,67.86,81.3,80.65,74.96,60.99,93.11,78.89,B
ishita.verma1993@gmail.com,Ishita Verma,STU101993,E,Male,17,CS,28.6,86.13,59.88,76.13,83.74,65.53,54.78,84.33,73.71,B
ishita.kumar1994@gmail.com,Ishita Kumar,STU101994,D,Female,20,Mathematics,19.5,79.45,54.3,64.04,69.13,64.7,50.28,73.53,64.72,C
ishaan.roy1995@gmail.com,Ishaan Roy,STU101995,C,Female,24,Mathematics,22.5,79.12,63.08,72.42,65.89,56.46,61.4,82.32,69.08,C
krishna.patel1996@gmail.com,Krishna Patel,STU101996,E,Male,24,CS,22.3,86.06,69.58,69.08,70.11,66.87,55.47,84.84,71.71,B
arjun.verma1997@gmail.com,Arjun Verma,STU101997,D,Male,22,CS,19.7,77.82,47.49,65.16,76.36,55.17,50.84,74.61,63.8,C
vihaan.gupta1998@gmail.com,Vihaan Gupta,STU101998,B,Male,19,CS,13.2,75.34,45.88,67.27,63.01,57.32,40.57,68.4,60.94,C
ananya.roy1999@gmail.com,Ananya Roy,STU101999,A,Male,22,CS,21.4,84.83,56.29,68.41,69.85,63.11,59.25,75.01,67.52,C
